Date,전체주중주말,주운행선,공급차량수,공급좌석합계수,승차인원수,1인당단가,1인당거리,1좌석당단가,좌석회전율,1키로당단가,승차율,관광,일반,대수송,임시,확정,시발역,종착역,시발종착역,열차운행횟수,1열차당승차인원,인구동태_출생아수(명),인구동태_사망자수(명),인구동태_자연증가건수(명),인구동태_조출생률(천명당),인구동태_조사망률(천명당),인구동태_자연증가율(천명당),인구동태_합계출산율(명),인구동태_출생성비(명),인구동태_영아사망률(출생아 천명당),인구동태_혼인건수(건),인구동태_조혼인율(천명당),인구동태_이혼건수(건),인구동태_조이혼율(천명당),인구동태_기대수명(출생시 기대여명),인구동태_기대수명(출생시 기대여명) - 남,인구동태_기대수명(출생시 기대여명) - 여,출국교통_계,출국교통_공항,출국교통_공항.1,출국교통_공항.2,출국교통_공항.3,출국교통_공항.4,출국교통_항구,출국교통_항구.1,출국교통_항구.2,출국교통_항구.3,입국목적_외래객입국사유_전체,입국목적_외래객입국사유_관광,입국목적_외래객입국사유_상용,입국목적_외래객입국사유_공융,입국목적_외래객입국사유_유학연수,입국목적_외래객입국사유_기타,CPI_총지수_원자료,CPI_총지수_전기대비증감,CPI_총지수_전년동기대비증감,CPI_총지수_이동평균(3기간),CPI_운송장비_원자료,CPI_운송장비_전기대비증감,CPI_운송장비_전년동기대비증감,CPI_운송장비_이동평균(3기간),CPI_개인운송장비 운영_원자료,CPI_개인운송장비 운영_전기대비증감,CPI_개인운송장비 운영_전년동기대비증감,CPI_개인운송장비 운영_이동평균(3기간),CPI_철도 여객수송_원자료,CPI_철도 여객수송_전기대비증감,CPI_철도 여객수송_전년동기대비증감,CPI_철도 여객수송_이동평균(3기간),CPI_도로 여객수송_원자료,CPI_도로 여객수송_전기대비증감,CPI_도로 여객수송_전년동기대비증감,CPI_도로 여객수송_이동평균(3기간),CPI_항공 및 수상여객운송_원자료,CPI_항공 및 수상여객운송_전기대비증감,CPI_항공 및 수상여객운송_전년동기대비증감,CPI_항공 및 수상여객운송_이동평균(3기간),CPI_기타 여객운송_원자료,CPI_기타 여객운송_전기대비증감,CPI_기타 여객운송_전년동기대비증감,CPI_기타 여객운송_이동평균(3기간),CCS_소비자심리지수_원자료,CCS_소비자심리지수_전기대비증감,CCS_소비자심리지수_전년동기대비증감,CCS_소비자심리지수_이동평균(3기간),경제활동_경제활동인구_원자료,경제활동_경제활동인구_전기대비증감,경제활동_경제활동인구_전년동기대비증감,경제활동_경제활동인구_이동평균(3기간),경제활동_실업률_원자료,경제활동_실업률_전기대비증감,경제활동_실업률_전년동기대비증감,경제활동_실업률_이동평균(3기간),경제활동_15세이상인구_원자료,경제활동_15세이상인구_전기대비증감,경제활동_15세이상인구_전년동기대비증감,경제활동_15세이상인구_이동평균(3기간),경제활동_비경제활동인구_원자료,경제활동_비경제활동인구_전기대비증감,경제활동_비경제활동인구_전년동기대비증감,경제활동_비경제활동인구_이동평균(3기간),경제활동_경제활동참가율_원자료,경제활동_경제활동참가율_전기대비증감,경제활동_경제활동참가율_전년동기대비증감,경제활동_경제활동참가율_이동평균(3기간),경제활동_고용률_원자료,경제활동_고용률_전기대비증감,경제활동_고용률_전년동기대비증감,경제활동_고용률_이동평균(3기간),sentiment_score,log_total_count
2015-01-01,주말,경부선,34020,1741181,1871129,496684.4937966917,37822.85988809839,533787.0924568394,15.054794352969704,183.87970504066388,9.691638546443782,0,218,0,6,212,84,84,154,1991,13164.713828574531,438420.0,275895.0,162525.0,8.6,5.4,3.2,1.239,105.3,2.7,302828.0,5.9,109153.0,2.1,82.1,79.0,85.2,1834538.0,1389993.0,226687.0,103088.0,4408.0,28329.0,50545.0,7553.0,24.0,23911.0,917054.0,723255.0,17686.0,3094.0,7752.0,165267.0,94.643,0.637,0.913,94.4,101.336,0.534,-0.012,100.9,106.239,-8.126,-20.973,107.6,91.619,1.981,1.981,91.0,85.896,0.124,0.403,85.9,98.721,-1.15,-8.58,97.7,90.656,0.873,5.156,90.7,103.2,1.5,-7.0,102.9,26380.0,-188.0,439.0,26540.0,3.7,0.4,0.3,3.8,43040.0,36.0,470.0,43042.0,16660.0,224.0,31.0,16502.0,61.3,-0.5,0.4,61.7,59.0,-0.7,0.2,59.3,-0.1066666666666666,4.31748811353631
2015-02-01,주말,경부선,28992,1488544,1533571,434612.9461250232,32762.08739919777,447295.7995,12.361342393427895,159.1958765830076,8.033689553580997,0,188,46,6,136,72,72,132,1705,10793.213240892148,438420.0,275895.0,162525.0,8.6,5.4,3.2,1.239,105.3,2.7,302828.0,5.9,109153.0,2.1,82.1,79.0,85.2,1445609.0,1102672.0,173950.0,86907.0,4132.0,13037.0,44152.0,4379.0,48.0,16332.0,1050706.0,815138.0,14354.0,2256.0,36399.0,182559.0,94.587,-0.056,0.607,94.6,100.706,-0.63,-0.493,100.8,102.071,-4.168,-24.853,104.6,91.619,0.0,1.981,91.6,85.896,0.0,0.308,85.9,94.413,-4.308,-8.978,94.1,91.516,0.86,3.118,91.3,103.9,0.7,-5.3,103.0,26671.0,291.0,379.0,26630.0,4.5,0.8,0.0,4.1,43081.0,41.0,465.0,43079.0,16410.0,-250.0,86.0,16449.0,61.9,0.6,0.2,61.8,59.1,0.1,0.2,59.3,-0.3865546218487395,4.77912349311153
2015-03-01,주말,경부선,31246,1607627,1780862,454810.9165851984,34157.90687,503277.60527084646,14.399537629185884,173.1093386452283,9.011709796142856,0,196,0,0,196,78,78,143,1837,12604.742509263786,438420.0,275895.0,162525.0,8.6,5.4,3.2,1.239,105.3,2.7,302828.0,5.9,109153.0,2.1,82.1,79.0,85.2,1416683.0,1072957.0,175351.0,86170.0,4276.0,12679.0,36822.0,6067.0,77.0,22284.0,1238144.0,958493.0,18549.0,3241.0,27129.0,230732.0,94.596,0.009,0.443,94.6,100.405,-0.301,-0.476,100.4,105.515,3.444,-21.49,104.4,91.619,0.0,1.981,91.6,85.896,0.0,0.271,85.9,89.082,-5.331,-11.634,91.5,91.589,0.073,3.858,91.6,102.0,-1.9,-7.7,103.6,26840.0,169.0,352.0,26905.0,4.0,-0.5,0.1,4.1,43117.0,36.0,461.0,43118.0,16277.0,-133.0,109.0,16213.0,62.2,0.3,0.1,62.4,59.8,0.7,0.1,59.8,0.0,4.343805421853684
2015-04-01,주말,경부선,28848,1491483,1681821,424444.35460162495,31774.29778612763,478264.49585267727,13.528453671358925,160.29538674628907,8.596620006536417,0,195,0,0,195,72,72,132,1656,12186.130338128734,438420.0,275895.0,162525.0,8.6,5.4,3.2,1.239,105.3,2.7,302828.0,5.9,109153.0,2.1,82.1,79.0,85.2,1495460.0,1108944.0,195851.0,85345.0,4155.0,24129.0,46589.0,7623.0,106.0,22718.0,1384567.0,1112904.0,17326.0,4913.0,5556.0,243868.0,94.625,0.029,0.411,94.7,100.135,-0.27,-1.094,100.2,105.494,-0.021,-20.925,106.0,91.619,0.0,1.981,91.6,85.896,0.0,0.271,85.9,91.062,1.98,-11.466,91.2,91.571,-0.018,3.741,91.5,104.9,2.9,-4.8,104.4,27204.0,364.0,186.0,27166.0,3.9,-0.1,0.1,3.9,43157.0,40.0,460.0,43156.0,15953.0,-324.0,274.0,15990.0,63.0,0.8,-0.3,62.9,60.6,0.8,-0.3,60.5,-0.2222222222222222,4.394449154672439
2015-05-01,주말,경부선,36102,1863967,2144330,531982.0939,40218.49723907493,611756.68,17.25137877430347,198.4818645650693,11.11625345,0,250,0,4,246,90,90,165,2072,15522.61846187918,438420.0,275895.0,162525.0,8.6,5.4,3.2,1.239,105.3,2.7,302828.0,5.9,109153.0,2.1,82.1,79.0,85.2,1579265.0,1172061.0,199356.0,88510.0,5786.0,26565.0,54680.0,10326.0,152.0,21829.0,1334212.0,1060730.0,19010.0,4679.0,9222.0,240571.0,94.89,0.265,0.521,94.8,100.085,-0.05,-1.383,100.0,107.005,1.511,-19.0,107.1,91.619,0.0,1.981,91.6,85.896,0.0,0.271,85.9,93.559,2.497,-9.548,92.8,91.461,-0.11,3.567,91.4,106.3,1.4,1.0,103.3,27453.0,249.0,387.0,27382.0,3.7,-0.2,0.2,3.8,43194.0,37.0,453.0,43194.0,15741.0,-212.0,67.0,15813.0,63.6,0.6,0.3,63.4,61.2,0.6,0.1,61.0,0.0675675675675675,4.30406509320417
2015-06-01,주말,경부선,28888,1483393,1125689,435541.6215731733,32015.50981165281,329390.2799353329,9.107812230014629,163.26697904262875,5.818152663245362,0,196,0,2,194,72,72,132,1658,8147.660548471048,438420.0,275895.0,162525.0,8.6,5.4,3.2,1.239,105.3,2.7,302828.0,5.9,109153.0,2.1,82.1,79.0,85.2,1373551.0,1048204.0,165805.0,73846.0,3688.0,16427.0,36952.0,8323.0,189.0,20117.0,750925.0,517926.0,12347.0,3122.0,11462.0,206068.0,94.909,0.019,0.661,95.0,99.725,-0.36,-1.653,99.9,108.738,1.733,-16.453,108.0,91.619,0.0,1.981,94.3,85.896,0.0,0.271,87.5,93.671,0.112,-9.977,96.1,91.278,-0.183,3.292,91.4,98.8,-7.5,-9.3,102.0,27488.0,35.0,357.0,27492.0,3.8,0.1,0.3,3.7,43232.0,38.0,449.0,43230.0,15744.0,3.0,92.0,15738.0,63.6,0.0,0.2,63.6,61.2,0.0,0.0,61.2,-0.0327868852459016,4.110873864173311
2015-07-01,주말,경부선,31254,1609540,1549797,469603.3074039333,35028.81259164799,451694.96345453087,12.515883914199687,174.3239300521098,8.100472982,0,250,0,0,250,78,78,143,1794,11230.65032721522,438420.0,275895.0,162525.0,8.6,5.4,3.2,1.239,105.3,2.7,302828.0,5.9,109153.0,2.1,82.1,79.0,85.2,1675332.0,1285585.0,200675.0,90832.0,2387.0,19175.0,45586.0,9222.0,111.0,21759.0,629737.0,419430.0,12867.0,3734.0,8477.0,185229.0,95.08,0.171,0.694,95.1,99.875,0.15,-1.463,100.0,108.307,-0.431,-16.62,107.8,99.513,7.894,9.875,96.9,90.653,4.757,5.028,89.2,101.179,7.508,-7.992,98.9,91.315,0.037,3.499,91.4,100.9,2.1,-4.7,100.6,27536.0,48.0,342.0,27439.0,3.6,-0.2,0.2,3.6,43265.0,33.0,445.0,43264.0,15730.0,-14.0,104.0,15826.0,63.6,0.0,0.1,63.4,61.3,0.1,-0.1,61.1,0.2741935483870967,4.127134385045092
2015-08-01,주말,경부선,32964,1677929,1773664,521993.0603003783,37907.38596243544,551666.3294273578,14.799312942526566,192.8529620036976,9.76341625634068,0,279,0,1,278,84,84,154,1932,12853.027215295362,438420.0,275895.0,162525.0,8.6,5.4,3.2,1.239,105.3,2.7,302828.0,5.9,109153.0,2.1,82.1,79.0,85.2,1835249.0,1381206.0,229054.0,98274.0,4917.0,29865.0,58726.0,10473.0,204.0,22530.0,1069314.0,730808.0,17385.0,4207.0,46365.0,270549.0,95.213,0.133,0.662,95.1,100.425,0.55,-0.496,99.9,106.491,-1.816,-17.575,106.3,99.513,0.0,9.875,99.5,90.989,0.336,5.276,90.9,101.818,0.639,-8.511,98.0,91.58,0.265,3.338,91.6,102.2,1.3,-5.3,102.2,27294.0,-242.0,217.0,27395.0,3.4,-0.2,0.1,3.4,43296.0,31.0,435.0,43296.0,16003.0,273.0,218.0,15902.0,63.0,-0.6,-0.2,63.2,60.9,-0.4,-0.2,61.1,0.1166666666666666,4.0943445622221
2015-09-01,주말,경부선,28394,1461774,1585350,435359.2359226395,31106.57688251469,471392.2408931001,12.99768713759692,167.98006231189908,8.210679623,3,246,51,9,189,72,72,132,1674,11353.780735262211,438420.0,275895.0,162525.0,8.6,5.4,3.2,1.239,105.3,2.7,302828.0,5.9,109153.0,2.1,82.1,79.0,85.2,1511657.0,1150899.0,184773.0,84994.0,4355.0,19918.0,40296.0,7356.0,177.0,18889.0,1206764.0,907874.0,16514.0,4442.0,20035.0,257899.0,94.966,-0.247,0.476,95.0,99.324,-1.101,-1.656,99.8,104.213,-2.278,-18.062,104.6,99.513,0.0,9.875,99.5,90.989,0.0,5.276,91.0,91.119,-10.699,-12.406,94.7,91.763,0.183,2.96,91.7,103.5,1.3,-4.9,103.9,27355.0,61.0,291.0,27336.0,3.2,-0.2,0.1,3.2,43328.0,32.0,431.0,43327.0,15973.0,-30.0,140.0,15991.0,63.1,0.1,0.0,63.1,61.1,0.2,0.0,61.1,-0.1212121212121212,4.59511985013459
2015-10-01,주말,경부선,32772,1681522,1939094,513922.9053214467,36892.95623559077,592221.4932289429,16.144039209513924,195.08369763495816,10.358295319073672,0,292,0,0,292,84,84,154,1931,14057.736471451582,438420.0,275895.0,162525.0,8.6,5.4,3.2,1.239,105.3,2.7,302828.0,5.9,109153.0,2.1,82.1,79.0,85.2,1735308.0,1289621.0,233248.0,94559.0,5801.0,30776.0,51427.0,7213.0,276.0,22387.0,1383704.0,1076153.0,18270.0,5404.0,7929.0,275948.0,94.966,0.0,0.761,94.9,99.785,0.461,-1.156,99.6,103.184,-1.029,-17.335,103.1,99.513,0.0,9.875,99.5,90.989,0.0,5.217,91.0,91.306,0.187,-10.938,90.3,91.864,0.101,2.897,91.8,106.1,2.6,0.5,105.4,27358.0,3.0,250.0,27337.0,3.1,-0.1,-0.1,3.1,43357.0,29.0,428.0,43357.0,15998.0,25.0,177.0,16020.0,63.1,0.0,0.0,63.0,61.2,0.1,0.1,61.1,0.1714285714285714,3.555348061489413
2015-11-01,주말,경부선,30452,1570589,1900348,476268.1276845467,34159.61191504575,576152.7897511825,15.728675680821468,181.28349138707907,10.0704965136022,0,283,0,0,283,78,78,143,1793,13776.33377664736,438420.0,275895.0,162525.0,8.6,5.4,3.2,1.239,105.3,2.7,302828.0,5.9,109153.0,2.1,82.1,79.0,85.2,1626063.0,1202912.0,229941.0,90884.0,4738.0,21528.0,48958.0,6895.0,74.0,20133.0,1150074.0,911647.0,17211.0,5717.0,10109.0,205390.0,94.786,-0.18,0.771,94.9,99.685,-0.1,-0.818,99.8,102.018,-1.166,-15.895,101.9,99.513,0.0,9.875,99.5,90.989,0.0,5.217,91.0,88.604,-2.702,-9.862,90.5,91.864,0.0,2.585,91.9,106.7,0.6,3.3,105.4,27298.0,-60.0,216.0,27207.0,3.0,-0.1,0.0,3.1,43386.0,29.0,419.0,43387.0,16088.0,90.0,202.0,16180.0,62.9,-0.2,-0.1,62.7,61.0,-0.2,-0.1,60.8,-0.0155038759689922,4.859812404361672
2015-12-01,주말,경부선,28076,1444946,1588373,435578.0309723202,31497.72113715705,478691.4411565859,13.187566753970245,166.01793742476465,8.423611462,0,249,0,0,249,72,72,132,1654,11521.175512370732,438420.0,275895.0,162525.0,8.6,5.4,3.2,1.239,105.3,2.7,302828.0,5.9,109153.0,2.1,82.1,79.0,85.2,1781715.0,1324841.0,262802.0,95942.0,5099.0,16124.0,46732.0,7089.0,76.0,23010.0,1116450.0,901131.0,13806.0,3460.0,12273.0,185780.0,95.07,0.284,1.064,95.0,99.785,0.1,-1.017,100.3,100.601,-1.417,-13.764,100.2,99.513,0.0,9.875,99.5,91.122,0.133,5.35,91.2,91.672,3.068,-8.199,91.1,92.075,0.211,2.292,92.0,103.3,-3.4,1.6,103.5,26965.0,-333.0,397.0,26965.0,3.2,0.2,-0.1,3.3,43418.0,32.0,414.0,43414.0,16453.0,365.0,17.0,16450.0,62.1,-0.8,0.3,62.1,60.1,-0.9,0.4,60.0,0.5806451612903226,3.4339872044851463
2016-01-01,주말,경부선,35200,1803279,1872911,535833.5868456432,39679.26161889175,556452.7762684445,15.577704296809747,202.6131281274734,10.03883988235432,0,303,0,2,301,90,90,165,2068,13583.173611039296,406243.0,280827.0,125416.0,7.9,5.5,2.5,1.172,105.0,2.8,281635.0,5.5,107328.0,2.1,82.4,79.3,85.4,2112337.0,1569061.0,312735.0,106726.0,5892.0,34841.0,52215.0,7082.0,42.0,23743.0,1077431.0,865064.0,15867.0,3316.0,9352.0,183832.0,95.232,0.162,0.589,95.3,101.527,1.742,0.191,100.3,98.05,-2.551,-8.189,98.2,99.513,0.0,7.894,99.5,91.361,0.239,5.465,91.3,93.08,1.408,-5.641,92.5,92.111,0.036,1.455,92.6,100.6,-2.7,-2.6,100.7,26631.0,-334.0,251.0,26840.0,3.7,0.5,0.0,3.9,43439.0,21.0,399.0,43443.0,16808.0,355.0,148.0,16602.0,61.3,-0.8,0.0,61.8,59.0,-1.1,0.0,59.3,-0.1684210526315789,4.553876891600541
2016-02-01,주말,경부선,28374,1452335,1515941,435420.8073407894,32027.430712404115,454230.0133898617,12.531991268181567,163.15507790846803,8.146761898051828,0,253,51,6,196,72,72,132,1670,10896.834756128625,406243.0,280827.0,125416.0,7.9,5.5,2.5,1.172,105.0,2.8,281635.0,5.5,107328.0,2.1,82.4,79.3,85.4,1876928.0,1398838.0,276202.0,100064.0,6323.0,21649.0,54341.0,4623.0,26.0,14862.0,1126250.0,849995.0,13629.0,2549.0,54122.0,205955.0,95.64,0.408,1.053,95.4,99.725,-1.802,-0.981,100.3,95.845,-2.205,-6.226,96.4,99.513,0.0,7.894,99.5,91.361,0.0,5.465,91.4,92.855,-0.225,-1.558,91.5,93.567,1.456,2.051,93.2,98.3,-2.3,-5.6,99.8,26925.0,294.0,254.0,26896.0,4.9,1.2,0.4,4.3,43471.0,32.0,390.0,43472.0,16546.0,-262.0,136.0,16576.0,61.9,0.6,0.0,61.9,58.9,-0.1,-0.2,59.2,0.5490196078431373,3.9318256327243257
2016-03-01,주말,경부선,28220,1443898,1555211,412495.2848660206,30183.28818305969,444256.45116371743,12.924831172675798,164.00326455786802,7.925604668108163,0,331,0,0,331,72,72,132,1656,11269.32974800737,406243.0,280827.0,125416.0,7.9,5.5,2.5,1.172,105.0,2.8,281635.0,5.5,107328.0,2.1,82.4,79.3,85.4,1569162.0,1150388.0,234895.0,87958.0,4750.0,19446.0,45936.0,6131.0,54.0,19604.0,1389399.0,1123465.0,16149.0,3445.0,22176.0,224164.0,95.393,-0.247,0.797,95.5,99.695,-0.03,-0.71,99.8,95.173,-0.672,-10.342,95.6,99.513,0.0,7.894,99.5,91.361,0.0,5.465,91.4,88.51,-4.345,-0.572,90.1,93.933,0.366,2.344,93.8,100.6,2.3,-1.4,100.4,27133.0,208.0,293.0,27152.0,4.2,-0.7,0.2,4.3,43506.0,35.0,389.0,43505.0,16373.0,-173.0,96.0,16352.0,62.4,0.5,0.2,62.4,59.7,0.8,-0.1,59.7,0.1346153846153846,3.951243718581428
2016-04-01,주말,경부선,32930,1684787,1936143,491756.1993745619,35883.53062303484,564857.9932212881,16.088087387613548,191.8589981285132,10.052068443049626,0,386,0,3,383,84,84,154,1936,13999.6349696758,406243.0,280827.0,125416.0,7.9,5.5,2.5,1.172,105.0,2.8,281635.0,5.5,107328.0,2.1,82.4,79.3,85.4,1636597.0,1214031.0,231953.0,90055.0,5100.0,25708.0,45997.0,6400.0,167.0,17186.0,1469674.0,1214201.0,16162.0,4793.0,7352.0,227166.0,95.573,0.18,0.948,95.5,99.865,0.17,-0.27,99.7,95.908,0.735,-9.586,96.2,99.513,0.0,7.894,99.5,91.361,0.0,5.465,91.4,88.848,0.338,-2.214,90.0,93.768,-0.165,2.197,93.6,102.3,1.7,-2.6,100.9,27398.0,265.0,194.0,27383.0,3.9,-0.3,0.0,3.9,43537.0,31.0,380.0,43538.0,16138.0,-235.0,185.0,16155.0,62.9,0.5,-0.1,62.9,60.5,0.8,-0.1,60.4,0.0465116279069767,3.7612001156935615
2016-05-01,주말,경부선,30570,1564929,1848198,453004.9061671346,33438.60294589859,534697.5881714891,15.352902850969222,176.1432337538848,9.624425268,0,365,0,9,356,78,78,143,1802,13333.23829759695,406243.0,280827.0,125416.0,7.9,5.5,2.5,1.172,105.0,2.8,281635.0,5.5,107328.0,2.1,82.4,79.3,85.4,1656728.0,1230134.0,228575.0,87043.0,5801.0,30237.0,46331.0,7483.0,228.0,20896.0,1492680.0,1202692.0,17810.0,4844.0,13378.0,253956.0,95.63,0.057,0.74,95.6,99.545,-0.32,-0.54,99.7,97.504,1.596,-9.501,98.1,99.513,0.0,7.894,99.5,91.361,0.0,5.465,91.4,92.536,3.688,-1.023,90.8,93.109,-0.659,1.648,93.3,99.8,-2.5,-6.5,100.5,27617.0,219.0,164.0,27578.0,3.6,-0.3,-0.1,3.7,43571.0,34.0,377.0,43569.0,15955.0,-183.0,214.0,15991.0,63.4,0.5,-0.2,63.3,61.1,0.6,-0.1,61.0,-0.1509433962264151,3.970291913552122
2016-06-01,주말,경부선,28152,1441196,1658762,416507.5174558349,31081.19290854609,479438.8429705333,13.809433523589966,160.82113208017765,8.722891159778987,0,332,0,2,330,72,72,132,1658,12002.085562515214,406243.0,280827.0,125416.0,7.9,5.5,2.5,1.172,105.0,2.8,281635.0,5.5,107328.0,2.1,82.4,79.3,85.4,1778317.0,1337218.0,247050.0,87410.0,6461.0,28121.0,45601.0,8711.0,116.0,17629.0,1554413.0,1277116.0,14938.0,4431.0,14653.0,243275.0,95.611,-0.019,0.702,95.6,99.625,0.08,-0.1,100.0,100.948,3.444,-7.79,99.9,99.513,0.0,7.894,99.5,91.361,0.0,5.465,91.4,90.893,-1.643,-2.778,93.9,93.118,0.009,1.84,93.2,99.3,-0.5,0.5,100.2,27720.0,103.0,232.0,27691.0,3.6,0.0,-0.2,3.6,43600.0,29.0,368.0,43599.0,15880.0,-75.0,136.0,15908.0,63.6,0.2,0.0,63.5,61.3,0.2,0.1,61.2,0.0333333333333333,3.4011973816621555
2016-07-01,주말,경부선,35396,1812105,1954514,531154.6998229804,39414.36972282945,573034.7992038011,16.17488593459319,202.17044954343265,10.365351347243172,0,427,0,14,413,90,90,165,2088,14037.101286158795,406243.0,280827.0,125416.0,7.9,5.5,2.5,1.172,105.0,2.8,281635.0,5.5,107328.0,2.1,82.4,79.3,85.4,2086068.0,1580940.0,287054.0,92870.0,5907.0,37273.0,54485.0,9406.0,152.0,17981.0,1703495.0,1405496.0,14633.0,4965.0,11716.0,266685.0,95.431,-0.18,0.351,95.6,100.906,1.281,1.031,100.5,101.179,0.231,-7.128,100.7,99.513,0.0,0.0,99.6,91.361,0.0,0.708,91.4,98.411,7.518,-2.768,96.5,93.265,0.147,1.95,93.2,101.6,2.3,0.7,101.2,27737.0,17.0,201.0,27716.0,3.5,-0.1,-0.1,3.6,43626.0,26.0,361.0,43626.0,15889.0,9.0,159.0,15910.0,63.6,0.0,0.0,63.5,61.3,0.0,0.0,61.3,0.0338983050847457,4.07753744390572
2016-08-01,주말,경부선,28624,1465260,1543033,430954.5609780681,31697.96190327256,453965.8989729947,12.63682171400178,163.17347895569577,8.136636946010338,0,353,0,24,329,72,72,132,1692,10943.496453900709,406243.0,280827.0,125416.0,7.9,5.5,2.5,1.172,105.0,2.8,281635.0,5.5,107328.0,2.1,82.4,79.3,85.4,2064241.0,1560762.0,282194.0,94740.0,6204.0,41316.0,52612.0,8520.0,246.0,17647.0,1664303.0,1312514.0,15957.0,4558.0,54211.0,277063.0,95.677,0.246,0.464,95.8,100.966,0.06,0.541,101.0,99.898,-1.281,-6.593,100.2,99.723,0.21,0.21,99.7,91.547,0.186,0.558,91.5,100.241,1.83,-1.577,97.2,93.246,-0.019,1.666,93.3,102.6,1.0,0.4,102.2,27690.0,-47.0,396.0,27702.0,3.6,0.1,0.2,3.5,43652.0,26.0,356.0,43652.0,15962.0,73.0,-41.0,15950.0,63.4,-0.2,0.4,63.5,61.2,-0.1,0.3,61.2,0.1951219512195122,3.713572066704308
2016-09-01,주말,경부선,30950,1584143,1654399,458858.7595829893,33441.497810623536,479822.13446838426,13.57995816681938,178.4063377527676,8.517050958420796,0,357,52,24,281,78,78,143,1830,11755.020659882824,406243.0,280827.0,125416.0,7.9,5.5,2.5,1.172,105.0,2.8,281635.0,5.5,107328.0,2.1,82.4,79.3,85.4,1904524.0,1437467.0,251799.0,91024.0,6357.0,48118.0,45155.0,7185.0,117.0,17302.0,1523928.0,1199450.0,15556.0,4422.0,25300.0,279200.0,96.247,0.57,1.281,96.1,101.046,0.08,1.722,101.0,99.404,-0.494,-4.809,99.6,99.723,0.0,0.21,99.7,91.547,0.0,0.558,91.5,93.09,-7.151,1.971,95.3,93.512,0.266,1.749,93.5,102.5,-0.1,-1.0,102.6,27679.0,-11.0,324.0,27678.0,3.5,-0.1,0.3,3.5,43678.0,26.0,350.0,43678.0,15998.0,36.0,25.0,15999.0,63.4,0.0,0.3,63.4,61.1,-0.1,0.0,61.2,-0.5125786163522013,5.762051382780177
2016-10-01,주말,경부선,32750,1676365,2087166,482050.3273609347,35099.25722905597,599645.7811699497,17.429119124062087,192.29253078007548,10.640004591752868,0,408,0,0,408,84,84,154,1932,15119.664822632532,406243.0,280827.0,125416.0,7.9,5.5,2.5,1.172,105.0,2.8,281635.0,5.5,107328.0,2.1,82.4,79.3,85.4,1865552.0,1380115.0,256212.0,94792.0,7133.0,47963.0,53042.0,8555.0,162.0,17578.0,1587797.0,1303692.0,16982.0,5082.0,9069.0,252972.0,96.379,0.132,1.413,96.3,101.006,-0.04,1.221,100.7,99.53,0.126,-3.654,99.8,99.723,0.0,0.21,99.7,91.547,0.0,0.558,91.5,92.433,-0.657,1.127,91.4,93.851,0.339,1.987,93.7,102.8,0.3,-3.3,100.4,27666.0,-13.0,308.0,27653.0,3.3,-0.2,0.2,3.3,43704.0,26.0,347.0,43704.0,16038.0,40.0,40.0,16051.0,63.3,-0.1,0.2,63.3,61.2,0.1,0.0,61.2,-0.418732782369146,5.8944028342648505
2016-11-01,주말,경부선,27382,1402257,1881893,407771.3067499177,29869.11267732216,547166.2429076333,16.117775911181788,163.82814346528178,9.782691620241422,0,366,0,0,366,72,72,132,1656,13634.571700430834,406243.0,280827.0,125416.0,7.9,5.5,2.5,1.172,105.0,2.8,281635.0,5.5,107328.0,2.1,82.4,79.3,85.4,1825701.0,1359314.0,257188.0,89427.0,5617.0,38259.0,52007.0,6623.0,267.0,16999.0,1309055.0,1076471.0,16713.0,4906.0,11778.0,199187.0,96.237,-0.142,1.451,96.3,100.145,-0.861,0.46,100.6,100.57,1.04,-1.448,100.7,99.723,0.0,0.21,99.7,91.547,0.0,0.558,91.5,88.744,-3.689,0.14,91.0,93.796,-0.055,1.932,93.8,95.9,-6.9,-10.8,97.6,27613.0,-53.0,315.0,27497.0,3.1,-0.2,0.1,3.2,43730.0,26.0,344.0,43730.0,16117.0,79.0,29.0,16233.0,63.1,-0.2,0.2,62.9,61.2,0.0,0.2,60.9,-0.145985401459854,4.919980925828125
2016-12-01,주말,경부선,25912,1332930,1588154,484150.9598545299,36072.87741375181,580410.1921343149,16.790786400592726,187.93395175433247,10.360152365205767,0,310,0,18,292,95,80,155,1518,14771.414765499774,406243.0,280827.0,125416.0,7.9,5.5,2.5,1.172,105.0,2.8,281635.0,5.5,107328.0,2.1,82.4,79.3,85.4,2007035.0,1490076.0,293965.0,94679.0,4745.0,47693.0,51246.0,7018.0,95.0,17518.0,1343398.0,1102769.0,13111.0,4156.0,17609.0,205753.0,96.342,0.105,1.272,96.6,100.796,0.651,1.011,100.8,101.945,1.375,1.344,102.6,99.723,0.0,0.21,100.0,91.547,0.0,0.425,91.8,91.926,3.182,0.254,92.1,93.722,-0.074,1.647,93.8,94.2,-1.7,-9.1,94.4,27211.0,-402.0,246.0,27237.0,3.2,0.1,0.0,3.3,43755.0,25.0,337.0,43758.0,16544.0,427.0,91.0,16522.0,62.2,-0.9,0.1,62.2,60.2,-1.0,0.1,60.2,0.1678321678321678,4.962844630259907
2017-01-01,주말,경부선,26842,1378927,1400158,460694.2357766561,34454.99654006355,467686.1571904635,13.191250724163996,173.8517104325448,8.382169625,0,286,51,30,205,91,78,156,1595,11407.159410867094,357771.0,285534.0,72237.0,7.0,5.6,1.4,1.052,106.3,2.8,264455.0,5.2,106032.0,2.1,82.7,79.7,85.7,2343048.0,1742922.0,340393.0,103484.0,5846.0,69803.0,58974.0,5069.0,97.0,16460.0,1220695.0,978223.0,15248.0,3649.0,10378.0,213197.0,97.366,1.024,2.134,97.1,101.507,0.711,-0.02,101.4,105.189,3.244,7.139,104.5,100.497,0.774,0.984,100.2,92.183,0.636,0.822,92.0,95.68,3.754,2.6,94.0,93.942,0.22,1.831,94.2,93.2,-1.0,-7.4,93.9,26886.0,-325.0,255.0,27139.0,3.7,0.5,0.0,3.9,43790.0,35.0,351.0,43788.0,16904.0,360.0,96.0,16648.0,61.4,-0.8,0.1,62.0,59.1,-1.1,0.1,59.5,0.0277777777777777,4.68213122712422
2017-02-01,주말,경부선,24120,1238852,1299845,420171.2736156509,31528.41267989987,440718.7580639928,12.57833876633194,159.92964691714118,7.927611155079695,0,252,0,0,252,84,72,144,1436,10861.204875338566,357771.0,285534.0,72237.0,7.0,5.6,1.4,1.052,106.3,2.8,264455.0,5.2,106032.0,2.1,82.7,79.7,85.7,2231269.0,1645754.0,327252.0,100910.0,6952.0,62767.0,67316.0,5447.0,236.0,14635.0,1252080.0,952948.0,13790.0,3003.0,59952.0,222387.0,97.632,0.266,1.992,97.5,101.887,0.38,2.162,101.8,106.229,1.04,10.384,105.9,100.497,0.0,0.984,100.5,92.183,0.0,0.822,92.2,94.394,-1.286,1.539,93.3,94.839,0.897,1.272,94.5,94.4,1.2,-3.9,94.9,27321.0,435.0,396.0,27262.0,4.9,1.2,0.0,4.2,43818.0,28.0,347.0,43818.0,16497.0,-407.0,-49.0,16556.0,62.4,1.0,0.5,62.2,59.3,0.2,0.4,59.6,-0.02,3.912023005428146
2017-03-01,주말,경부선,26996,1390852,1399381,435654.9436836205,32888.94145961995,438549.1754420208,13.07906442604507,172.17959916179734,7.973578716820468,0,325,0,0,325,91,91,169,1616,11257.710423613453,357771.0,285534.0,72237.0,7.0,5.6,1.4,1.052,106.3,2.8,264455.0,5.2,106032.0,2.1,82.7,79.7,85.7,1940542.0,1437212.0,288384.0,87011.0,3846.0,45428.0,55985.0,5703.0,48.0,16925.0,1233640.0,970389.0,16551.0,3312.0,28257.0,215131.0,97.565,-0.067,2.172,97.5,101.937,0.05,2.242,101.9,106.145,-0.084,10.972,105.7,100.497,0.0,0.984,100.5,92.183,0.0,0.822,92.2,89.814,-4.58,1.304,92.5,94.62,-0.219,0.687,94.6,97.0,2.6,-3.6,97.7,27579.0,258.0,446.0,27604.0,4.1,-0.8,-0.1,4.4,43846.0,28.0,340.0,43845.0,16267.0,-230.0,-106.0,16241.0,62.9,0.5,0.5,63.0,60.3,1.0,0.6,60.2,-0.136986301369863,4.290459441148391
2017-04-01,주말,경부선,29443,1519345,1643748,472689.19670541416,36196.70176,511014.5848129531,15.142592266100992,182.82101027231548,9.432198097367678,0,391,0,28,363,110,110,206,1789,12860.524830158718,357771.0,285534.0,72237.0,7.0,5.6,1.4,1.052,106.3,2.8,264455.0,5.2,106032.0,2.1,82.7,79.7,85.7,2003943.0,1492418.0,271919.0,90377.0,4496.0,56220.0,66503.0,5144.0,38.0,16828.0,1075899.0,854669.0,14903.0,5270.0,9359.0,191698.0,97.442,-0.123,1.869,97.5,101.967,0.03,2.102,101.9,104.864,-1.281,8.956,105.2,100.497,0.0,0.984,100.7,92.183,0.0,0.822,92.2,93.23,3.416,4.382,93.1,94.482,-0.138,0.714,94.4,101.8,4.8,-0.5,102.7,27911.0,332.0,513.0,27826.0,4.2,0.1,0.3,4.0,43871.0,25.0,334.0,43873.0,15960.0,-307.0,-178.0,16048.0,63.6,0.7,0.7,63.4,61.0,0.7,0.5,60.9,0.234375,4.158883083359672
2017-05-01,주말,경부선,25298,1305714,1430857,414954.2903214782,31441.838040303053,454774.99809250864,13.14874448235562,158.4464500210863,8.315815468372751,0,349,0,30,319,96,96,180,1542,11132.766924827389,357771.0,285534.0,72237.0,7.0,5.6,1.4,1.052,106.3,2.8,264455.0,5.2,106032.0,2.1,82.7,79.7,85.7,2003834.0,1485091.0,271320.0,89216.0,5164.0,57647.0,65276.0,5481.0,86.0,24553.0,977889.0,738590.0,16530.0,4293.0,19819.0,198657.0,97.546,0.104,1.916,97.4,101.887,-0.08,2.342,101.8,104.475,-0.389,6.971,104.3,101.109,0.612,1.596,100.5,92.183,0.0,0.822,92.1,96.384,3.154,3.848,94.5,94.198,-0.284,1.089,94.3,109.2,7.4,9.4,107.9,27987.0,76.0,370.0,27993.0,3.6,-0.6,0.0,3.9,43902.0,31.0,331.0,43899.0,15916.0,-44.0,-39.0,15907.0,63.7,0.1,0.3,63.7,61.5,0.5,0.4,61.3,-0.1153846153846153,4.356708826689592
2017-06-01,주말,경부선,27392,1414434,1445164,450487.2301150354,33647.31163657335,460243.38725387526,13.28061323763066,174.05652367119623,8.283763187703496,0,351,0,32,319,104,104,195,1669,11254.276713164818,357771.0,285534.0,72237.0,7.0,5.6,1.4,1.052,106.3,2.8,264455.0,5.2,106032.0,2.1,82.7,79.7,85.7,2098126.0,1573141.0,287950.0,86637.0,5753.0,64402.0,57440.0,5863.0,6.0,16934.0,991802.0,775181.0,13259.0,4069.0,18636.0,180657.0,97.338,-0.208,1.727,97.5,101.627,-0.26,2.002,101.6,103.52,-0.955,2.572,103.3,100.0,-1.109,0.487,100.4,91.918,-0.265,0.557,92.0,93.887,-2.497,2.994,97.0,94.134,-0.064,1.016,94.2,112.6,3.4,13.3,111.5,28081.0,94.0,361.0,28035.0,3.8,0.2,0.2,3.6,43924.0,22.0,324.0,43924.0,15844.0,-72.0,-36.0,15890.0,63.9,0.2,0.3,63.8,61.5,0.0,0.2,61.5,0.0377358490566037,3.970291913552122
2017-07-01,주말,경부선,29700,1534597,1435224,487321.19201290095,36705.377109156856,456533.9423098544,13.101399761377492,185.90850978150567,8.287818928540297,0,379,0,44,335,112,112,210,1821,11042.40008,357771.0,285534.0,72237.0,7.0,5.6,1.4,1.052,106.3,2.8,264455.0,5.2,106032.0,2.1,82.7,79.7,85.7,2389447.0,1793164.0,322647.0,94029.0,10081.0,80667.0,62795.0,7176.0,5.0,18883.0,1008671.0,782389.0,14145.0,5334.0,14278.0,192525.0,97.499,0.161,2.068,97.6,101.186,-0.441,0.28,101.1,101.997,-1.523,0.818,102.8,100.0,0.0,0.487,100.0,91.918,0.0,0.557,91.9,100.691,6.804,2.28,98.8,94.372,0.238,1.107,94.3,112.7,0.1,11.1,112.2,28037.0,-44.0,300.0,28007.0,3.4,-0.4,-0.1,3.6,43946.0,22.0,320.0,43946.0,15909.0,65.0,20.0,15939.0,63.8,-0.1,0.2,63.7,61.6,0.1,0.3,61.4,-0.0806451612903225,4.127134385045092
2017-08-01,주말,경부선,25280,1307556,1306112,417251.2175716304,31880.041962644063,417275.9696974216,11.990091467409954,157.0815846022047,7.677348583582927,0,310,0,28,282,96,96,180,1540,10178.611299969716,357771.0,285534.0,72237.0,7.0,5.6,1.4,1.052,106.3,2.8,264455.0,5.2,106032.0,2.1,82.7,79.7,85.7,2385301.0,1792997.0,324089.0,93634.0,9312.0,82348.0,57500.0,8396.0,155.0,16870.0,1103506.0,817226.0,14129.0,5190.0,61676.0,205285.0,98.058,0.559,2.381,97.9,100.596,-0.59,-0.37,100.9,102.995,0.998,3.097,103.2,100.0,0.0,0.277,100.0,91.918,0.0,0.371,92.0,101.893,1.202,1.652,99.1,94.4,0.028,1.154,94.5,111.3,-1.4,8.7,111.0,27903.0,-134.0,213.0,27961.0,3.6,0.2,0.0,3.4,43967.0,21.0,315.0,43967.0,16064.0,155.0,102.0,16006.0,63.5,-0.3,0.1,63.6,61.2,-0.4,0.0,61.4,0.1587301587301587,4.143134726391533
2017-09-01,주말,경부선,29658,1538539,1560339,474782.3862,35555.43151,481050.4617101907,14.196549827090314,186.93814704502205,8.678749457534776,0,375,47,47,281,104,104,194,1798,12148.428743943065,357771.0,285534.0,72237.0,7.0,5.6,1.4,1.052,106.3,2.8,264455.0,5.2,106032.0,2.1,82.7,79.7,85.7,2236500.0,1702043.0,286387.0,93333.0,9210.0,71585.0,49628.0,7896.0,82.0,16336.0,1078653.0,839415.0,13908.0,5367.0,24787.0,195176.0,98.172,0.114,1.925,98.1,100.926,0.33,-0.12,100.9,104.496,1.501,5.092,104.6,100.0,0.0,0.277,100.0,92.13,0.212,0.583,92.1,94.863,-7.03,1.773,97.9,94.62,0.22,1.108,94.6,108.9,-2.4,6.4,110.2,27943.0,40.0,264.0,27922.0,3.3,-0.3,-0.2,3.4,43987.0,20.0,309.0,43990.0,16044.0,-20.0,46.0,16068.0,63.5,0.0,0.1,63.5,61.4,0.2,0.3,61.3,-0.1842105263157894,4.736198448394496
2017-10-01,주말,경부선,27710,1439077,1484009,459492.8211394723,34272.62924211702,472622.1995,13.40692487068371,174.33188046907117,8.488526332566172,0,338,93,37,208,91,91,169,1675,11519.10835951696,357771.0,285534.0,72237.0,7.0,5.6,1.4,1.052,106.3,2.8,264455.0,5.2,106032.0,2.1,82.7,79.7,85.7,2231748.0,1655436.0,310958.0,96611.0,12354.0,79607.0,52704.0,7823.0,35.0,16220.0,1165638.0,899881.0,16146.0,5192.0,23411.0,221008.0,98.077,-0.095,1.698,97.9,101.176,0.25,0.17,100.9,106.187,1.691,6.657,106.0,100.0,0.0,0.277,100.0,92.13,0.0,0.583,92.1,97.041,2.178,4.608,94.9,94.693,0.073,0.842,94.6,110.5,1.6,7.7,111.1,27920.0,-23.0,254.0,27917.0,3.2,-0.1,-0.1,3.2,44015.0,28.0,311.0,44014.0,16095.0,51.0,57.0,16097.0,63.4,-0.1,0.1,63.4,61.4,0.0,0.2,61.4,0.119047619047619,3.737669618283368
2017-11-01,주말,경부선,25468,1327459,1531124,408057.1647311004,30541.77051352212,470382.2013015834,13.83877754775898,160.32125492190897,8.473755430791297,0,306,0,28,278,84,84,156,1540,11929.386538461538,357771.0,285534.0,72237.0,7.0,5.6,1.4,1.052,106.3,2.8,264455.0,5.2,106032.0,2.1,82.7,79.7,85.7,2227747.0,1642112.0,323474.0,94971.0,8674.0,78837.0,58196.0,5569.0,171.0,15743.0,1093217.0,880745.0,15306.0,5873.0,14241.0,177052.0,97.347,-0.73,1.11,97.7,100.596,-0.58,0.451,100.6,107.184,0.997,6.614,107.2,100.0,0.0,0.277,100.0,92.13,0.0,0.583,92.1,92.883,-4.158,4.139,95.3,94.574,-0.119,0.778,94.6,113.9,3.4,18.0,112.2,27889.0,-31.0,276.0,27775.0,3.1,-0.1,0.0,3.2,44040.0,25.0,310.0,44038.0,16151.0,56.0,34.0,16263.0,63.3,-0.1,0.2,63.1,61.4,0.0,0.2,61.1,0.2191780821917808,4.290459441148391
2017-12-01,주말,경부선,31118,1631822,1761118,515838.0269903794,38709.56933227056,556263.6924812398,16.180036975265143,199.95557421177776,10.01939788952486,0,349,0,21,328,105,105,195,1856,14229.663557926062,357771.0,285534.0,72237.0,7.0,5.6,1.4,1.052,106.3,2.8,264455.0,5.2,106032.0,2.1,82.7,79.7,85.7,2404942.0,1762142.0,359417.0,100325.0,11961.0,91890.0,56206.0,6658.0,25.0,16318.0,1134068.0,925938.0,13156.0,4338.0,17858.0,172778.0,97.698,0.351,1.356,97.7,99.965,-0.631,-0.831,100.3,108.108,0.924,6.163,108.0,100.0,0.0,0.277,100.0,92.13,0.0,0.583,92.1,95.943,3.06,4.017,95.6,94.674,0.1,0.952,94.9,112.3,-1.6,18.1,112.6,27516.0,-373.0,305.0,27546.0,3.3,0.2,0.1,3.4,44060.0,20.0,305.0,44058.0,16543.0,392.0,-1.0,16511.0,62.5,-0.8,0.3,62.5,60.4,-1.0,0.2,60.4,0.5,4.406719247264253
2018-01-01,주말,경부선,24728,1302538,1276931,412316.930001612,30981.549723746357,404328.8389723914,11.76369910277456,159.70346034091455,7.298296002981247,0,261,0,20,241,84,84,156,1466,10452.65067865327,326822.0,298820.0,28002.0,6.4,5.8,0.5,0.977,105.4,2.8,257622.0,5.0,108684.0,2.1,82.7,79.7,85.7,2866780.0,2121881.0,416673.0,110379.0,14179.0,118809.0,65294.0,5036.0,21.0,14508.0,956036.0,742732.0,14663.0,4126.0,13858.0,180657.0,98.106,0.408,0.74,98.2,100.445,0.48,-1.062,100.2,108.675,0.567,3.486,108.7,100.0,0.0,-0.497,100.0,92.112,-0.018,-0.071,92.1,98.11,2.167,2.43,98.0,95.507,0.833,1.565,95.7,111.6,-0.7,18.4,111.2,27232.0,-284.0,346.0,27365.0,3.7,0.4,0.0,3.9,44073.0,13.0,283.0,44075.0,16840.0,297.0,-64.0,16709.0,61.8,-0.7,0.4,62.1,59.5,-0.9,0.4,59.7,0.0897435897435897,4.356708826689592
2018-02-01,주말,경부선,24880,1312722,1284708,420721.3085830247,31187.71415,412030.1987710442,11.739994207837992,161.89731140328828,7.470231222,0,204,42,0,162,72,72,120,1450,10629.101092896177,326822.0,298820.0,28002.0,6.4,5.8,0.5,0.977,105.4,2.8,257622.0,5.0,108684.0,2.1,82.7,79.7,85.7,2311009.0,1691338.0,337662.0,93820.0,13159.0,95357.0,63938.0,3817.0,17.0,11901.0,1045415.0,790477.0,11323.0,3669.0,54618.0,185328.0,98.855,0.749,1.223,98.6,100.095,-0.35,-1.792,100.5,109.284,0.609,3.055,109.0,100.0,0.0,-0.497,100.0,92.112,0.0,-0.071,92.1,99.819,1.709,5.425,97.8,96.78,1.273,1.941,96.2,109.8,-1.8,15.4,110.4,27348.0,116.0,27.0,27464.0,4.6,0.9,-0.3,4.3,44093.0,20.0,275.0,44089.0,16744.0,-96.0,247.0,16624.0,62.0,0.2,-0.4,62.3,59.2,-0.3,-0.1,59.6,-0.0166666666666666,4.0943445622221
2018-03-01,주말,경부선,28704,1513001,1515686,462030.374909709,34688.19081670212,462670.799,14.02512220654851,186.46522322193064,8.477010389284784,0,266,0,0,266,84,84,140,1690,12556.317213114757,326822.0,298820.0,28002.0,6.4,5.8,0.5,0.977,105.4,2.8,257622.0,5.0,108684.0,2.1,82.7,79.7,85.7,2252565.0,1656099.0,336047.0,91795.0,9893.0,86490.0,51114.0,6087.0,28.0,15012.0,1366100.0,1085542.0,14678.0,4029.0,44090.0,217761.0,98.751,-0.104,1.186,98.8,100.926,0.831,-1.011,100.7,108.958,-0.326,2.813,108.9,100.0,0.0,-0.497,100.0,92.112,0.0,-0.071,92.1,95.577,-4.242,5.763,97.0,96.24,-0.54,1.62,96.5,109.7,-0.1,12.7,109.4,27811.0,463.0,232.0,27729.0,4.5,-0.1,0.4,4.4,44100.0,7.0,254.0,44105.0,16289.0,-455.0,22.0,16375.0,63.1,1.1,0.2,62.9,60.2,1.0,-0.1,60.1,0.2325581395348837,3.7612001156935615
2018-04-01,주말,경부선,26612,1402917,1562367,430195.4562160219,32676.27131,478959.7393968291,14.475119414762112,171.1474955923872,8.875966502870643,0,273,0,0,273,78,78,130,1568,12951.28674863388,326822.0,298820.0,28002.0,6.4,5.8,0.5,0.977,105.4,2.8,257622.0,5.0,108684.0,2.1,82.7,79.7,85.7,2230200.0,1627495.0,319401.0,96337.0,10017.0,86902.0,68418.0,6552.0,26.0,15052.0,1331709.0,1091353.0,15462.0,5434.0,13556.0,205904.0,98.931,0.18,1.489,98.9,100.996,0.07,-0.971,101.1,108.318,-0.64,3.454,109.0,100.0,0.0,-0.497,100.0,92.112,0.0,-0.071,92.1,95.473,-0.104,2.243,96.8,96.405,0.165,1.923,96.3,108.7,-1.0,6.9,109.3,28029.0,218.0,118.0,28008.0,4.1,-0.4,-0.1,4.2,44122.0,22.0,251.0,44121.0,16093.0,-196.0,133.0,16113.0,63.5,0.4,-0.1,63.5,60.9,0.7,-0.1,60.8,-0.2978723404255319,3.8501476017100575
2018-05-01,주말,경부선,24936,1315434,1496732,398894.7783,30423.54522368765,453445.6102951253,13.64397639511738,157.35608686148757,8.437229913796687,0,279,0,12,267,72,72,120,1468,12226.401787083016,326822.0,298820.0,28002.0,6.4,5.8,0.5,0.977,105.4,2.8,257622.0,5.0,108684.0,2.1,82.7,79.7,85.7,2331565.0,1704998.0,324254.0,99615.0,11764.0,103892.0,57935.0,9864.0,39.0,19204.0,1238021.0,991449.0,15568.0,5271.0,19532.0,206201.0,98.979,0.048,1.433,98.9,101.356,0.36,-0.531,101.1,109.767,1.449,5.292,109.9,100.0,0.0,-1.109,100.0,92.112,0.0,-0.071,92.1,99.462,3.989,3.078,97.7,96.231,-0.174,2.033,96.2,109.6,0.9,0.4,108.4,28184.0,155.0,197.0,28125.0,4.0,-0.1,0.4,3.9,44141.0,19.0,239.0,44141.0,15956.0,-137.0,40.0,16016.0,63.9,0.4,0.2,63.7,61.3,0.4,-0.2,61.2,-0.2125,4.382026634673881
2018-06-01,주말,경부선,28702,1513665,1578531,473260.1120316587,35723.27900035387,493855.37821062887,14.60121537612675,185.47139275391035,9.092705921636108,0,308,0,1,307,84,84,140,1691,13069.851972544317,326822.0,298820.0,28002.0,6.4,5.8,0.5,0.977,105.4,2.8,257622.0,5.0,108684.0,2.1,82.7,79.7,85.7,2323986.0,1729473.0,323154.0,87770.0,10816.0,96967.0,54290.0,6964.0,196.0,14356.0,1282093.0,1055855.0,13647.0,4822.0,19732.0,188037.0,98.779,-0.2,1.441,98.8,100.846,-0.51,-0.781,100.5,111.73,1.963,8.21,111.1,100.0,0.0,0.0,100.0,92.112,0.0,0.194,92.1,98.223,-1.239,4.336,101.5,96.084,-0.147,1.95,96.1,106.9,-2.7,-5.7,106.2,28161.0,-23.0,80.0,28156.0,3.7,-0.3,-0.1,3.8,44161.0,20.0,237.0,44163.0,16000.0,44.0,156.0,16007.0,63.8,-0.1,-0.1,63.8,61.4,0.1,-0.1,61.3,-0.202127659574468,4.543294782270004
2018-07-01,주말,경부선,27182,1436244,1394284,446129.3811610536,33450.53989327756,433311.8621832989,12.61763866396062,173.41597689047285,7.936062627615979,0,221,0,7,214,65,65,104,1580,11473.585259751706,326822.0,298820.0,28002.0,6.4,5.8,0.5,0.977,105.4,2.8,257622.0,5.0,108684.0,2.1,82.7,79.7,85.7,2495297.0,1853908.0,342418.0,90681.0,11793.0,116296.0,56159.0,8795.0,6.0,15241.0,1254833.0,1030612.0,14602.0,5372.0,17020.0,187227.0,98.59,-0.189,1.091,98.9,99.364,-1.482,-1.822,99.8,111.877,0.147,9.88,112.0,100.0,0.0,0.0,100.0,92.112,0.0,0.194,92.1,106.848,8.625,6.157,104.2,96.011,-0.073,1.639,96.0,102.1,-4.8,-10.6,103.0,28123.0,-38.0,86.0,28108.0,3.7,0.0,0.3,3.8,44187.0,26.0,241.0,44186.0,16064.0,64.0,155.0,16079.0,63.6,-0.2,-0.2,63.6,61.3,-0.1,-0.3,61.2,-0.154696132596685,5.198497031265826
2018-08-01,주말,경부선,27208,1437556,1402150,452172.72097063216,34005.76722580349,441134.3964006299,12.677217663718205,172.90368041228945,8.108534173214892,0,223,0,7,216,65,65,104,1580,11536.809471557,326822.0,298820.0,28002.0,6.4,5.8,0.5,0.977,105.4,2.8,257622.0,5.0,108684.0,2.1,82.7,79.7,85.7,2519860.0,1859013.0,349430.0,88028.0,10757.0,125310.0,64656.0,8555.0,6.0,14105.0,1391727.0,1100711.0,14347.0,5196.0,61752.0,209721.0,99.462,0.872,1.404,99.4,99.224,-0.14,-1.372,99.3,112.496,0.619,9.501,112.5,100.0,0.0,0.0,100.0,92.112,0.0,0.194,92.1,107.599,0.751,5.706,105.3,96.038,0.027,1.638,96.1,100.1,-2.0,-11.2,101.1,28039.0,-84.0,136.0,28080.0,4.0,0.3,0.4,3.8,44211.0,24.0,244.0,44212.0,16172.0,108.0,108.0,16131.0,63.4,-0.2,-0.1,63.5,60.9,-0.4,-0.3,61.1,-0.0125,4.382026634673881
2018-09-01,주말,경부선,30004,1585170,1512656,477330.8153307404,35400.36952421505,456087.3985918548,13.365915249988838,188.79763679112983,8.26045542,0,267,39,44,184,70,70,112,1758,12052.90014075655,326822.0,298820.0,28002.0,6.4,5.8,0.5,0.977,105.4,2.8,257622.0,5.0,108684.0,2.1,82.7,79.7,85.7,2225756.0,1676178.0,295922.0,79656.0,9895.0,89786.0,50863.0,6469.0,36.0,16951.0,1278604.0,1013326.0,15785.0,5633.0,37268.0,206592.0,100.221,0.759,2.049,99.9,99.364,0.14,-1.562,99.5,113.147,0.651,8.651,113.9,100.0,0.0,0.0,100.0,92.112,0.0,-0.018,92.1,101.489,-6.11,6.626,103.4,96.24,0.202,1.62,96.3,101.0,0.9,-7.9,100.4,28079.0,40.0,136.0,28060.0,3.6,-0.4,0.3,3.7,44237.0,26.0,250.0,44237.0,16158.0,-14.0,114.0,16176.0,63.5,0.1,0.0,63.4,61.2,0.3,-0.2,61.1,-0.0405405405405405,4.30406509320417
2018-10-01,주말,경부선,25824,1364876,1566246,405328.69522329175,30395.399537884143,464200.93247863767,13.76819976437736,160.01486816764265,8.504946246533805,0,247,0,48,199,60,60,96,1512,12428.214625736047,326822.0,298820.0,28002.0,6.4,5.8,0.5,0.977,105.4,2.8,257622.0,5.0,108684.0,2.1,82.7,79.7,85.7,2347876.0,1727907.0,331933.0,92047.0,11594.0,106122.0,56226.0,7138.0,326.0,14583.0,1527832.0,1269201.0,17118.0,5775.0,15180.0,220558.0,100.041,-0.18,1.964,99.9,99.795,0.431,-1.381,99.4,115.993,2.846,9.806,113.9,100.0,0.0,0.0,100.0,92.112,0.0,-0.018,92.2,101.226,-0.263,4.185,100.5,96.496,0.256,1.803,96.5,100.2,-0.8,-10.3,99.3,28063.0,-16.0,143.0,28078.0,3.5,-0.1,0.3,3.4,44262.0,25.0,247.0,44261.0,16199.0,41.0,104.0,16183.0,63.4,-0.1,0.0,63.4,61.2,0.0,-0.2,61.3,-0.4262295081967213,4.110873864173311
2018-11-01,주말,경부선,27960,1477340,1776621,435436.7318309536,32627.05127,523360.0147816636,15.62942605577422,173.49112200888698,9.581611185008237,0,268,0,52,216,65,65,104,1636,14113.051247279824,326822.0,298820.0,28002.0,6.4,5.8,0.5,0.977,105.4,2.8,257622.0,5.0,108684.0,2.1,82.7,79.7,85.7,2295810.0,1671958.0,326243.0,88193.0,11181.0,114275.0,62874.0,6079.0,1181.0,13826.0,1350390.0,1130709.0,15389.0,6359.0,16243.0,181690.0,99.33,-0.711,1.983,99.5,99.154,-0.641,-1.442,99.5,112.675,-3.318,5.491,111.5,100.0,0.0,0.0,100.0,92.369,0.257,0.239,92.3,98.918,-2.308,6.035,100.5,96.707,0.211,2.133,96.8,96.6,-3.6,-17.3,98.2,28092.0,29.0,203.0,27912.0,3.2,-0.3,0.1,3.4,44284.0,22.0,244.0,44287.0,16192.0,-7.0,41.0,16375.0,63.4,0.0,0.1,63.0,61.4,0.2,0.0,60.9,-0.5864661654135338,4.890349128221754
2018-12-01,주말,경부선,30156,1593082,1694698,475642.8158,35863.61428,505678.8413462723,14.890914571467803,185.74271143149676,9.302221441752284,0,288,0,56,232,70,70,112,1766,13435.66077828981,326822.0,298820.0,28002.0,6.4,5.8,0.5,0.977,105.4,2.8,257622.0,5.0,108684.0,2.1,82.7,79.7,85.7,2495279.0,1811828.0,353122.0,88528.0,12631.0,148356.0,60818.0,5830.0,33.0,14133.0,1324119.0,1112381.0,12965.0,5331.0,19162.0,174280.0,98.988,-0.342,1.29,99.1,99.424,0.27,-0.541,99.3,105.725,-6.95,-2.383,106.3,100.0,0.0,0.0,100.0,92.369,0.0,0.239,92.4,101.254,2.336,5.311,100.0,97.119,0.412,2.445,97.2,97.8,1.2,-14.5,97.6,27582.0,-510.0,66.0,27710.0,3.4,0.2,0.1,3.7,44316.0,32.0,256.0,44306.0,16733.0,541.0,190.0,16596.0,62.2,-1.2,-0.3,62.5,60.1,-1.3,-0.3,60.2,-0.7106060606060606,6.492239835020471
2019-01-01,주말,경부선,25728,1359536,1319758,403632.08134141954,30393.858341981228,392063.0793400569,11.65186319579034,159.3730387026148,7.205804625232129,0,239,0,30,209,60,60,96,1500,10565.444422279092,302676.0,295110.0,7566.0,5.9,5.7,0.1,0.918,105.5,2.7,239159.0,4.7,110831.0,2.2,83.3,80.3,86.3,2912331.0,2117226.0,403835.0,99654.0,15186.0,195846.0,60278.0,5451.0,25.0,14830.0,1104803.0,884293.0,13675.0,4439.0,15995.0,186401.0,98.884,-0.104,0.778,99.1,99.434,0.01,-1.011,99.4,100.444,-5.281,-8.231,102.0,100.0,0.0,0.0,100.0,92.581,0.212,0.469,92.9,99.837,-1.417,1.727,99.9,97.75,0.631,2.243,97.7,98.5,0.7,-13.1,99.0,27455.0,-127.0,223.0,27562.0,4.5,1.1,0.8,4.2,44319.0,3.0,246.0,44339.0,16864.0,131.0,24.0,16777.0,61.9,-0.3,0.1,62.1,59.2,-0.9,-0.3,59.6,0.0921052631578947,4.330733340286331
2019-02-01,주말,경부선,25668,1356386,1303534,415436.92355429824,31145.477640561912,399123.5585863057,11.533899699833436,160.08625331987554,7.307250994829383,0,212,32,30,150,60,60,96,1490,10501.669852182014,302676.0,295110.0,7566.0,5.9,5.7,0.1,0.918,105.5,2.7,239159.0,4.7,110831.0,2.2,83.3,80.3,86.3,2617946.0,1889599.0,366124.0,95195.0,16362.0,171737.0,64564.0,3521.0,29.0,10815.0,1201802.0,907928.0,13061.0,3789.0,64760.0,212264.0,99.311,0.427,0.456,99.1,99.264,-0.17,-0.831,99.3,99.824,-0.62,-9.46,100.4,100.0,0.0,0.0,100.0,93.731,1.15,1.619,93.9,98.495,-1.342,-1.324,97.6,98.336,0.586,1.556,98.1,100.6,2.1,-9.2,100.0,27649.0,194.0,301.0,27702.0,4.7,0.2,0.1,4.5,44382.0,63.0,289.0,44370.0,16734.0,-130.0,-10.0,16669.0,62.3,0.4,0.3,62.4,59.4,0.2,0.2,59.7,-0.0952380952380952,3.044522437723423
2019-03-01,주말,경부선,32040,1693270,1748962,490845.42862360814,37046.18811340167,507581.7417160059,15.497669455254057,198.82081326580143,9.358321283794666,0,278,0,30,248,75,75,120,1860,14111.68428772884,302676.0,295110.0,7566.0,5.9,5.7,0.1,0.918,105.5,2.7,239159.0,4.7,110831.0,2.2,83.3,80.3,86.3,2334153.0,1684173.0,331861.0,86736.0,11235.0,143546.0,56859.0,5427.0,20.0,14296.0,1535641.0,1251744.0,16103.0,5139.0,45801.0,216854.0,99.121,-0.19,0.37,99.3,99.064,-0.2,-1.862,99.3,100.958,1.134,-8.0,101.5,100.0,0.0,0.0,100.0,95.455,1.724,3.343,95.0,94.375,-4.12,-1.202,96.7,98.345,0.009,2.105,98.3,100.8,0.2,-8.9,101.4,28002.0,353.0,191.0,27978.0,4.3,-0.4,-0.2,4.5,44409.0,27.0,309.0,44412.0,16408.0,-326.0,119.0,16434.0,63.1,0.8,0.0,63.0,60.4,1.0,0.2,60.2,0.0821917808219178,4.290459441148391
2019-04-01,주말,경부선,25632,1354861,1537327,392676.78137527086,29692.101335443676,445529.9198307162,13.615189773754343,158.69746102155747,8.228255086,0,223,0,24,199,60,60,96,1488,12398.526176626125,302676.0,295110.0,7566.0,5.9,5.7,0.1,0.918,105.5,2.7,239159.0,4.7,110831.0,2.2,83.3,80.3,86.3,2246417.0,1624215.0,308571.0,85989.0,12090.0,130855.0,58479.0,10097.0,66.0,16055.0,1635066.0,1382540.0,14794.0,6914.0,13523.0,217295.0,99.481,0.36,0.55,99.4,99.464,0.4,-1.532,99.3,103.635,2.677,-4.683,104.3,100.0,0.0,0.0,100.0,95.791,0.336,3.679,96.0,97.322,2.947,1.849,96.6,98.309,-0.036,1.904,98.3,102.8,2.0,-5.9,100.8,28284.0,282.0,255.0,28251.0,4.4,0.1,0.3,4.2,44444.0,35.0,322.0,44438.0,16160.0,-248.0,67.0,16187.0,63.6,0.5,0.1,63.6,60.8,0.4,-0.1,60.9,0.0,4.04305126783455
2019-05-01,주말,경부선,27752,1466774,1671525,426757.4199458849,32206.40278795296,486521.0397353452,14.813799232819672,172.27675251774286,8.970464583384476,0,241,0,26,215,65,65,104,1610,13497.79088707579,302676.0,295110.0,7566.0,5.9,5.7,0.1,0.918,105.5,2.7,239159.0,4.7,110831.0,2.2,83.3,80.3,86.3,2401204.0,1742421.0,317227.0,94036.0,12882.0,148680.0,58426.0,7818.0,207.0,19507.0,1485684.0,1233562.0,15020.0,6457.0,20702.0,209943.0,99.652,0.171,0.673,99.5,99.294,-0.17,-2.062,99.3,108.297,4.662,-1.47,107.0,100.0,0.0,0.0,100.0,96.87,1.079,4.758,96.5,98.129,0.807,-1.333,98.3,98.272,-0.037,2.041,98.3,98.9,-3.9,-10.7,100.1,28468.0,184.0,284.0,28432.0,4.0,-0.4,0.0,4.1,44460.0,16.0,319.0,44466.0,15992.0,-168.0,36.0,16034.0,64.0,0.4,0.1,63.9,61.5,0.7,0.2,61.3,-0.1818181818181818,4.007333185232471
2019-06-01,주말,경부선,29942,1582215,1626322,476775.5854016965,35612.07753171777,490017.0674857726,14.390539967835217,187.4591014711316,8.941299857,0,262,0,28,234,70,70,112,1739,13094.724303350897,302676.0,295110.0,7566.0,5.9,5.7,0.1,0.918,105.5,2.7,239159.0,4.7,110831.0,2.2,83.3,80.3,86.3,2495798.0,1832392.0,333483.0,86706.0,12848.0,160765.0,50123.0,5663.0,221.0,13597.0,1476218.0,1237840.0,15006.0,7327.0,23818.0,192227.0,99.491,-0.161,0.712,99.4,98.994,-0.3,-1.852,99.2,108.927,0.63,-2.803,108.0,100.0,0.0,0.0,100.0,96.914,0.044,4.802,96.9,99.387,1.258,1.164,100.5,98.245,-0.027,2.161,98.2,98.6,-0.3,-8.3,98.1,28545.0,77.0,384.0,28498.0,4.0,0.0,0.3,4.0,44495.0,35.0,334.0,44495.0,15951.0,-41.0,-49.0,15998.0,64.2,0.2,0.4,64.1,61.6,0.1,0.2,61.5,0.1666666666666666,4.189654742026425
2019-07-01,주말,경부선,25644,1355060,1331863,423551.4537066038,31103.59864597149,415714.8858771232,11.802137633209432,163.4469076408021,7.458725615908616,0,222,0,24,198,60,60,96,1488,10753.246426263084,302676.0,295110.0,7566.0,5.9,5.7,0.1,0.918,105.5,2.7,239159.0,4.7,110831.0,2.2,83.3,80.3,86.3,2642585.0,1968903.0,348276.0,85434.0,12403.0,171440.0,37189.0,6155.0,99.0,12686.0,1448067.0,1218767.0,14158.0,6463.0,19169.0,189510.0,99.187,-0.304,0.597,99.4,99.274,0.28,-0.09,99.0,106.816,-2.111,-5.061,107.5,100.0,0.0,0.0,100.0,96.967,0.053,4.855,97.0,104.032,4.645,-2.816,103.9,98.144,-0.101,2.133,98.2,96.9,-1.7,-5.2,96.3,28480.0,-65.0,357.0,28414.0,3.9,-0.1,0.2,3.6,44530.0,35.0,343.0,44524.0,16050.0,99.0,-14.0,16110.0,64.0,-0.2,0.4,63.8,61.5,-0.1,0.2,61.5,0.1216216216216216,4.30406509320417
2019-08-01,주말,경부선,29920,1581549,1562505,492046.0552271746,36736.39473544076,485952.6432,13.838366372662792,187.55572862004985,8.862812139035782,0,260,0,28,232,70,70,112,1736,12611.353965735774,302676.0,295110.0,7566.0,5.9,5.7,0.1,0.918,105.5,2.7,239159.0,4.7,110831.0,2.2,83.3,80.3,86.3,2427634.0,1830390.0,317645.0,76823.0,10510.0,152148.0,19089.0,6908.0,320.0,13801.0,1586299.0,1251764.0,14575.0,6388.0,71128.0,242444.0,99.425,0.238,-0.037,99.5,98.794,-0.48,-0.43,98.8,106.806,-0.01,-5.69,107.3,100.0,0.0,0.0,100.0,96.985,0.018,4.873,97.1,108.359,4.327,0.76,104.3,98.3,0.156,2.262,98.2,93.3,-3.6,-6.8,96.1,28216.0,-264.0,177.0,28328.0,3.0,-0.9,-1.0,3.3,44546.0,16.0,335.0,44550.0,16330.0,280.0,158.0,16222.0,63.3,-0.7,-0.1,63.6,61.4,-0.1,0.5,61.5,0.0348837209302325,4.454347296253507
2019-09-01,주말,경부선,27808,1469740,1444086,458759.4537134162,33534.080247309525,449944.2864828563,12.774728576043264,177.87482336399154,8.029990953493623,0,226,34,26,166,65,65,104,1616,11621.595804688875,302676.0,295110.0,7566.0,5.9,5.7,0.1,0.918,105.5,2.7,239159.0,4.7,110831.0,2.2,83.3,80.3,86.3,2049830.0,1586266.0,257611.0,71236.0,8834.0,98857.0,10481.0,5301.0,59.0,11185.0,1459664.0,1178421.0,16668.0,6903.0,39247.0,218425.0,99.794,0.369,-0.427,99.8,98.443,-0.351,-0.921,98.6,108.36,1.554,-4.787,108.1,100.0,0.0,0.0,100.0,97.232,0.247,5.12,97.9,100.485,-7.874,-1.004,102.5,98.162,-0.138,1.922,98.2,98.0,4.7,-3.0,97.0,28288.0,72.0,209.0,28292.0,3.1,0.1,-0.5,3.0,44573.0,27.0,336.0,44573.0,16285.0,-45.0,127.0,16281.0,63.5,0.2,0.0,63.5,61.5,0.1,0.3,61.5,-0.4854368932038835,4.634728988229636
2019-10-01,주말,경부선,25648,1355628,1466501,417076.3907560741,30608.773884273385,451066.1177763908,12.979678348988244,163.54370398136737,8.088175983,0,222,0,24,198,60,60,96,1488,11826.215807123132,302676.0,295110.0,7566.0,5.9,5.7,0.1,0.918,105.5,2.7,239159.0,4.7,110831.0,2.2,83.3,80.3,86.3,2153847.0,1647874.0,276197.0,75357.0,11866.0,108574.0,11691.0,7789.0,44.0,14455.0,1656195.0,1403576.0,16070.0,6944.0,17414.0,212191.0,100.041,0.247,0.0,99.8,98.503,0.06,-1.292,98.1,109.084,0.724,-6.909,108.8,100.0,0.0,0.0,100.0,99.461,2.229,7.349,98.7,98.739,-1.746,-2.487,98.8,98.226,0.064,1.73,98.3,99.7,1.7,-0.5,99.9,28373.0,85.0,310.0,28347.0,3.0,-0.1,-0.5,3.1,44601.0,28.0,339.0,44600.0,16228.0,-57.0,29.0,16253.0,63.6,0.1,0.2,63.6,61.7,0.2,0.5,61.6,-0.6677852348993288,5.697093486505405
2019-11-01,주말,경부선,27862,1473285,1761004,483108.7413627122,35319.337631921364,580053.7013795433,16.81862821372184,191.52026623960708,10.357604786540245,0,241,0,18,223,70,70,112,1609,15439.18475480026,302676.0,295110.0,7566.0,5.9,5.7,0.1,0.918,105.5,2.7,239159.0,4.7,110831.0,2.2,83.3,80.3,86.3,2090192.0,1595171.0,275215.0,74786.0,9181.0,102799.0,14319.0,4826.0,80.0,13815.0,1456429.0,1234503.0,16028.0,7115.0,21568.0,177215.0,99.481,-0.56,0.151,99.7,97.382,-1.121,-1.772,98.0,108.822,-0.262,-3.853,109.1,100.0,0.0,0.0,100.0,99.461,0.0,7.092,99.5,97.266,-1.473,-1.652,97.8,98.565,0.339,1.858,98.5,102.0,2.3,5.4,101.1,28380.0,7.0,288.0,28283.0,3.1,0.1,-0.1,3.2,44625.0,24.0,341.0,44629.0,16245.0,17.0,53.0,16346.0,63.6,0.0,0.2,63.4,61.7,0.0,0.3,61.4,-0.6427406199021207,6.418364935936212
2019-12-01,주말,경부선,27660,1461934,1620258,450039.9782,33269.115335868206,498008.6862138964,14.404435132305816,175.90884030283055,8.989711747546478,0,238,0,24,214,65,65,104,1606,13115.796212558049,302676.0,295110.0,7566.0,5.9,5.7,0.1,0.918,105.5,2.7,239159.0,4.7,110831.0,2.2,83.3,80.3,86.3,2342310.0,1788478.0,317759.0,79798.0,10493.0,109424.0,17234.0,4356.0,46.0,14722.0,1456888.0,1247337.0,13287.0,6332.0,22536.0,167396.0,99.719,0.238,0.731,99.8,98.183,0.801,-1.241,98.6,109.305,0.483,3.58,109.4,100.0,0.0,0.0,100.0,99.461,0.0,7.092,99.6,97.454,0.188,-3.8,98.6,98.62,0.055,1.501,98.7,101.6,-0.4,3.8,103.0,28095.0,-285.0,513.0,28142.0,3.4,0.3,0.0,3.5,44661.0,36.0,345.0,44650.0,16566.0,321.0,-167.0,16508.0,62.9,-0.7,0.7,63.0,60.8,-0.9,0.7,60.8,0.2741935483870967,4.127134385045092
2020-01-01,주말,경부선,27832,1471118,1448925,456633.99060603307,33593.55844746465,449404.59275177785,12.802463245126471,176.73769523991052,8.072650733552615,0,201,35,0,166,65,65,104,1616,11657.029339058028,272337.0,304948.0,-32611.0,5.3,5.9,-0.6,0.837,104.8,2.5,213502.0,4.2,106500.0,2.1,83.5,80.5,86.5,2513030.0,1925217.0,333111.0,81131.0,11459.0,129178.0,18930.0,3350.0,74.0,10580.0,1272708.0,1030497.0,13149.0,5648.0,20593.0,202821.0,100.09,0.371,1.206,100.0,100.2,2.017,0.766,100.0,110.15,0.845,9.706,109.6,100.0,0.0,0.0,100.0,99.88,0.419,7.299,99.7,100.99,3.536,1.153,99.0,98.93,0.31,1.18,99.2,105.4,3.8,6.9,101.6,27952.0,-143.0,497.0,28013.0,4.1,0.7,-0.4,3.9,44665.0,4.0,346.0,44675.0,16713.0,147.0,-151.0,16662.0,62.6,-0.3,0.7,62.7,60.0,-0.8,0.8,60.3,0.2222222222222222,3.80666248977032
2020-02-01,주말,경부선,27788,1468824,791268,457624.9942632156,32895.188389015006,246794.6948630066,7.0096780127474085,180.9166470621314,4.344347526733712,0,217,0,0,217,65,65,104,1612,6387.466491232488,272337.0,304948.0,-32611.0,5.3,5.9,-0.6,0.837,104.8,2.5,213502.0,4.2,106500.0,2.1,83.5,80.5,86.5,1046779.0,844188.0,112105.0,36751.0,2752.0,31214.0,11533.0,1366.0,70.0,6800.0,685212.0,503976.0,6957.0,3499.0,42065.0,128715.0,100.16,0.07,0.849,100.1,101.5,1.3,2.236,100.1,109.31,-0.84,9.486,108.1,100.0,0.0,0.0,100.0,99.88,0.0,6.149,99.9,98.69,-2.3,0.195,98.3,99.99,1.06,1.654,99.5,97.9,-7.5,-2.7,94.2,27991.0,39.0,342.0,27911.0,4.1,0.0,-0.6,4.1,44698.0,33.0,316.0,44692.0,16708.0,-5.0,-26.0,16781.0,62.6,0.0,0.3,62.5,60.0,0.0,0.6,59.8,-0.25,4.0943445622221
2020-03-01,주말,경부선,27112,1433720,345898,441984.6810193591,31431.961473938485,105767.69825704546,3.143820757899844,182.8336445914036,1.8392461878317472,0,211,0,0,211,65,65,104,1564,2881.580042893237,272337.0,304948.0,-32611.0,5.3,5.9,-0.6,0.837,104.8,2.5,213502.0,4.2,106500.0,2.1,83.5,80.5,86.5,143366.0,115338.0,7700.0,6785.0,154.0,23.0,4225.0,1148.0,28.0,7965.0,83497.0,31497.0,1177.0,824.0,14209.0,35790.0,99.94,-0.22,0.819,99.9,98.59,-2.91,-0.474,99.6,104.85,-4.46,3.892,103.9,100.0,0.0,0.0,100.0,99.88,0.0,4.425,99.9,95.22,-3.47,0.845,96.4,99.5,-0.49,1.155,99.6,79.3,-18.6,-21.5,82.9,27789.0,-202.0,-213.0,27838.0,4.2,0.1,-0.1,4.2,44712.0,14.0,303.0,44712.0,16923.0,215.0,515.0,16874.0,62.2,-0.4,-0.9,62.3,59.5,-0.5,-0.9,59.6,-0.3478260869565217,4.23410650459726
2020-04-01,주말,경부선,23376,1235760,472798,407061.2621108069,29028.76348784917,153517.9978720935,4.5479250090655405,168.30117752691064,2.6808672029812097,0,193,0,0,193,60,60,96,1352,4157.907407407408,272337.0,304948.0,-32611.0,5.3,5.9,-0.6,0.837,104.8,2.5,213502.0,4.2,106500.0,2.1,83.5,80.5,86.5,31425.0,19122.0,37.0,8.0,3.0,2.0,3510.0,1066.0,65.0,7612.0,29415.0,5135.0,283.0,296.0,7150.0,16551.0,99.5,-0.44,0.019,99.6,98.58,-0.01,-0.884,98.7,97.65,-7.2,-5.985,98.5,100.0,0.0,0.0,100.0,99.88,0.0,4.089,99.9,95.33,0.11,-1.992,95.3,99.36,-0.14,1.051,99.4,71.5,-7.8,-31.3,76.4,27734.0,-55.0,-550.0,27911.0,4.2,0.0,-0.2,4.3,44725.0,13.0,281.0,44731.0,16991.0,68.0,831.0,16821.0,62.0,-0.2,-1.6,62.4,59.4,-0.1,-1.4,59.7,-0.3611111111111111,3.58351893845611
2020-05-01,주말,경부선,29220,1544910,917668,514738.0447933359,37162.96730201199,303250.9567059498,8.860834565205089,207.8099420805862,5.357667887015641,0,244,0,0,244,75,75,120,1690,8100.693837279903,272337.0,304948.0,-32611.0,5.3,5.9,-0.6,0.837,104.8,2.5,213502.0,4.2,106500.0,2.1,83.5,80.5,86.5,37802.0,24535.0,9.0,22.0,25.0,1.0,3800.0,1239.0,78.0,8093.0,30806.0,6111.0,435.0,253.0,2192.0,21815.0,99.44,-0.06,-0.212,99.6,98.84,0.26,-0.454,98.8,93.02,-4.63,-15.277,95.6,100.0,0.0,0.0,100.0,99.88,0.0,3.01,99.9,95.31,-0.02,-2.819,95.5,99.32,-0.04,1.048,99.3,78.4,6.9,-20.5,77.5,28209.0,475.0,-259.0,28075.0,4.5,0.3,0.5,4.3,44756.0,31.0,296.0,44752.0,16548.0,-443.0,556.0,16677.0,63.0,1.0,-1.0,62.7,60.2,0.8,-1.3,60.0,-0.4571428571428571,3.555348061489413
2020-06-01,주말,경부선,24996,1321745,835542,407427.95957592456,29426.19592429912,256175.08523386452,7.577146324929168,166.1537453754162,4.525028795246624,0,195,0,0,195,60,60,96,1442,6944.925127798343,272337.0,304948.0,-32611.0,5.3,5.9,-0.6,0.837,104.8,2.5,213502.0,4.2,106500.0,2.1,83.5,80.5,86.5,48353.0,35740.0,21.0,50.0,26.0,40.0,3419.0,1092.0,100.0,7865.0,36938.0,9744.0,604.0,510.0,1860.0,24220.0,99.71,0.27,0.219,99.6,98.88,0.04,-0.114,99.6,96.13,3.11,-12.797,95.9,100.0,0.0,0.0,100.0,99.88,0.0,2.966,99.9,95.71,0.4,-3.677,97.1,99.32,0.0,1.075,99.4,82.7,4.3,-15.9,82.1,28283.0,74.0,-262.0,28245.0,4.3,-0.2,0.3,4.3,44775.0,19.0,280.0,44775.0,16492.0,-56.0,541.0,16530.0,63.2,0.2,-1.0,63.1,60.4,0.2,-1.2,60.4,0.3260869565217391,3.828641396489095
2020-07-01,주말,경부선,27652,1462160,1003247,435848.2272901713,32561.37292093101,298510.1111096845,8.927601201199824,174.06942962628514,5.443215563861008,0,206,0,0,206,65,65,104,1594,8188.7911158117395,272337.0,304948.0,-32611.0,5.3,5.9,-0.6,0.837,104.8,2.5,213502.0,4.2,106500.0,2.1,83.5,80.5,86.5,65936.0,52040.0,46.0,42.0,151.0,31.0,3669.0,1124.0,90.0,8743.0,61012.0,12732.0,827.0,1298.0,1511.0,44644.0,99.63,-0.08,0.443,99.8,101.02,2.14,1.746,100.2,98.59,2.46,-8.226,97.9,100.0,0.0,0.0,100.0,100.08,0.2,3.113,100.0,100.4,4.69,-3.632,102.0,99.54,0.22,1.396,99.5,85.1,2.4,-11.8,85.6,28244.0,-39.0,-236.0,28159.0,4.0,-0.3,0.1,3.8,44795.0,20.0,265.0,44794.0,16551.0,59.0,501.0,16636.0,63.1,-0.1,-0.9,62.9,60.5,0.1,-1.0,60.4,0.4680851063829787,3.8501476017100575
2020-08-01,주말,경부선,29804,1576054,941530,469927.11601460655,35258.31750754003,281726.74244582484,8.368158992602531,186.81249054367396,5.190752167297483,0,229,0,0,229,70,70,112,1718,7676.387361184558,272337.0,304948.0,-32611.0,5.3,5.9,-0.6,0.837,104.8,2.5,213502.0,4.2,106500.0,2.1,83.5,80.5,86.5,88888.0,75915.0,0.0,17.0,343.0,35.0,3555.0,1327.0,53.0,7643.0,68797.0,8634.0,1187.0,1112.0,13719.0,44145.0,100.19,0.56,0.765,100.2,100.76,-0.26,1.966,100.7,98.86,0.27,-7.946,98.7,100.0,0.0,0.0,100.0,100.08,0.0,3.095,100.1,109.78,9.38,1.421,104.1,99.56,0.02,1.26,99.8,89.1,4.0,-4.2,84.8,27949.0,-295.0,-267.0,28068.0,3.1,-0.9,0.1,3.6,44813.0,18.0,267.0,44812.0,16864.0,313.0,534.0,16744.0,62.4,-0.7,-0.9,62.7,60.4,-0.1,-1.0,60.4,-0.2708333333333333,3.871201010907891
2020-09-01,주말,경부선,25536,1350836,579649,388514.6125181808,27830.947910732662,166186.52484280587,5.154263360129488,167.56103034148325,2.9058882126902685,0,196,0,0,196,60,60,96,1472,4729.820333,272337.0,304948.0,-32611.0,5.3,5.9,-0.6,0.837,104.8,2.5,213502.0,4.2,106500.0,2.1,83.5,80.5,86.5,76798.0,63425.0,0.0,8.0,405.0,60.0,3487.0,1417.0,94.0,7902.0,65040.0,10619.0,1066.0,815.0,7889.0,44651.0,100.74,0.55,0.946,100.4,100.27,-0.49,1.827,100.6,98.51,-0.35,-9.85,98.3,100.0,0.0,0.0,100.0,100.13,0.05,2.898,100.1,102.21,-7.57,1.725,104.5,100.35,0.79,2.188,100.4,80.3,-8.8,-17.7,87.3,28012.0,63.0,-276.0,28026.0,3.6,0.5,0.5,3.5,44829.0,16.0,256.0,44831.0,16817.0,-47.0,532.0,16806.0,62.5,0.1,-1.0,62.5,60.3,-0.1,-1.2,60.4,-0.3472222222222222,4.276666119016055
2020-10-01,주말,경부선,29840,1578212,958859,476109.7824961225,34210.71592367571,286947.16966745513,8.513275644408694,194.7802482959105,5.0524829799765065,0,213,33,0,180,70,70,112,1720,7811.216023268112,272337.0,304948.0,-32611.0,5.3,5.9,-0.6,0.837,104.8,2.5,213502.0,4.2,106500.0,2.1,83.5,80.5,86.5,71970.0,56794.0,103.0,44.0,550.0,118.0,3640.0,1571.0,644.0,8506.0,61585.0,11119.0,1265.0,681.0,2117.0,46403.0,100.18,-0.56,0.139,100.3,100.76,0.49,2.257,100.5,97.48,-1.03,-11.604,97.5,100.0,0.0,0.0,100.0,100.13,0.0,0.669,100.1,101.5,-0.71,2.761,101.7,101.24,0.89,3.014,100.9,92.6,12.3,-7.1,90.6,28116.0,104.0,-257.0,28112.0,3.7,0.1,0.7,3.6,44852.0,23.0,251.0,44855.0,16736.0,-81.0,508.0,16743.0,62.7,0.2,-0.9,62.7,60.4,0.1,-1.3,60.5,-0.2222222222222222,3.80666248977032
2020-11-01,주말,경부선,27652,1462424,1032156,426641.1604785119,31570.803945133524,301159.9004739867,9.180338299799123,175.7383559109445,5.4437306535784185,0,195,0,0,195,65,65,104,1594,8422.254494976203,272337.0,304948.0,-32611.0,5.3,5.9,-0.6,0.837,104.8,2.5,213502.0,4.2,106500.0,2.1,83.5,80.5,86.5,70686.0,56250.0,129.0,52.0,621.0,54.0,3471.0,1665.0,64.0,8380.0,61764.0,11514.0,1387.0,864.0,2851.0,45148.0,100.09,-0.09,0.609,100.2,100.61,-0.15,3.228,100.5,96.65,-0.83,-12.172,97.6,100.0,0.0,0.0,100.0,100.13,0.0,0.669,100.1,101.46,-0.04,4.194,102.1,101.24,0.0,2.675,101.4,99.0,6.4,-3.0,94.1,28208.0,92.0,-172.0,27995.0,3.4,-0.3,0.3,3.7,44884.0,32.0,259.0,44884.0,16675.0,-61.0,430.0,16889.0,62.8,0.1,-0.8,62.4,60.7,0.3,-1.0,60.1,0.25,3.332204510175204
2020-12-01,주말,경부선,25536,1350650,516540,387711.9746,28124.369199971658,147643.67292175282,4.593710972230454,165.4698452136723,2.612640986329457,0,195,0,0,195,60,60,96,1472,4214.761501850872,272337.0,304948.0,-32611.0,5.3,5.9,-0.6,0.837,104.8,2.5,213502.0,4.2,106500.0,2.1,83.5,80.5,86.5,80973.0,66406.0,150.0,15.0,852.0,73.0,3238.0,1421.0,33.0,8785.0,62344.0,11893.0,1172.0,771.0,2306.0,46202.0,100.33,0.24,0.611,100.5,99.98,-0.63,1.797,100.4,98.79,2.14,-10.515,99.4,100.0,0.0,0.0,100.0,100.13,0.0,0.669,100.2,103.38,1.92,5.926,103.5,101.65,0.41,3.03,101.7,90.8,-8.2,-10.8,95.0,27661.0,-547.0,-434.0,27752.0,4.1,0.7,0.7,4.4,44916.0,32.0,255.0,44923.0,17255.0,580.0,689.0,17170.0,61.6,-1.2,-1.3,61.8,59.1,-1.6,-1.7,59.1,-0.3452380952380952,4.430816798843313
2021-01-01,주말,경부선,31920,1688359,675495,491773.20304104383,35059.65552265047,195998.9775130117,6.007788073782007,210.4304590660428,3.409840706820153,0,233,0,0,233,75,75,120,1840,5512.337652,260562.0,317680.0,-57118.0,5.1,6.2,-1.1,0.808,105.1,2.4,192507.0,3.8,101673.0,2.0,83.6,80.6,86.6,86143.0,72043.0,116.0,45.0,331.0,52.0,3271.0,1520.0,48.0,8717.0,58397.0,9035.0,1547.0,1036.0,2046.0,44733.0,101.04,0.71,0.95,101.0,100.72,0.74,0.52,100.5,102.85,4.06,-7.3,102.0,100.0,0.0,0.0,100.0,100.28,0.15,0.4,100.2,105.74,2.36,4.75,105.2,102.13,0.48,3.2,102.3,95.2,4.4,-10.2,94.5,27388.0,-273.0,-564.0,27589.0,5.7,1.6,1.6,4.9,44968.0,52.0,303.0,44957.0,17580.0,325.0,867.0,17368.0,60.9,-0.7,-1.7,61.4,57.4,-1.7,-2.6,58.4,-0.1276595744680851,3.8501476017100575
2021-02-01,주말,경부선,25572,1352436,706312,408404.5798417986,29120.104216695872,212325.581626718,6.271969302398362,168.23093431165907,3.705413209667042,0,166,33,0,133,60,60,96,1474,5754.491671073506,260562.0,317680.0,-57118.0,5.1,6.2,-1.1,0.808,105.1,2.4,192507.0,3.8,101673.0,2.0,83.6,80.6,86.6,68213.0,55263.0,63.0,46.0,191.0,51.0,3322.0,1453.0,18.0,7806.0,65582.0,8500.0,1156.0,666.0,13164.0,42096.0,101.58,0.54,1.42,101.5,100.68,-0.04,-0.82,101.0,104.26,1.41,-5.05,104.6,100.0,0.0,0.0,100.0,100.28,0.0,0.4,100.3,106.38,0.64,7.69,104.9,103.03,0.9,3.04,103.0,97.4,2.2,-0.5,97.7,27718.0,330.0,-273.0,27748.0,4.9,-0.8,0.8,5.0,44987.0,19.0,289.0,44987.0,17269.0,-311.0,561.0,17239.0,61.6,0.7,-1.0,61.7,58.6,1.2,-1.4,58.6,-0.4047619047619047,3.737669618283368
2021-03-01,주말,경부선,25536,1350712,834890,392848.7597443954,28054.51788272955,242517.5833304116,7.423863571568708,168.05928737205903,4.227314230492728,0,185,0,0,185,60,60,96,1472,6811.831306187202,260562.0,317680.0,-57118.0,5.1,6.2,-1.1,0.808,105.1,2.4,192507.0,3.8,101673.0,2.0,83.6,80.6,86.6,73999.0,59701.0,82.0,51.0,182.0,57.0,3273.0,1705.0,85.0,8863.0,74604.0,11169.0,1386.0,837.0,9011.0,52201.0,101.84,0.26,1.9,101.8,101.6,0.92,3.01,101.3,106.64,2.38,1.79,106.3,100.0,0.0,0.0,100.0,100.28,0.0,0.4,100.3,102.53,-3.85,7.31,104.5,103.8,0.77,4.3,103.7,100.6,3.2,21.3,100.2,28138.0,420.0,349.0,28072.0,4.3,-0.6,0.1,4.4,45007.0,20.0,295.0,45007.0,16869.0,-400.0,-54.0,16935.0,62.5,0.9,0.3,62.4,59.8,1.2,0.3,59.6,-0.9333333333333332,4.31748811353631
2021-04-01,주말,경부선,27716,1465770,971002,431460.9833617364,30727.117323282466,285056.6093810053,8.619865170257748,182.56017301097168,4.959206525229987,0,207,0,0,207,65,65,104,1602,7889.3780396699485,260562.0,317680.0,-57118.0,5.1,6.2,-1.1,0.808,105.1,2.4,192507.0,3.8,101673.0,2.0,83.6,80.6,86.6,71302.0,57285.0,86.0,25.0,179.0,164.0,3391.0,1755.0,32.0,8385.0,70112.0,11492.0,1635.0,829.0,3324.0,52832.0,101.98,0.14,2.48,102.0,101.55,-0.05,2.97,101.4,108.06,1.42,10.41,107.6,100.0,0.0,0.0,100.0,100.28,0.0,0.4,100.3,104.44,1.91,9.11,104.1,104.29,0.49,4.93,104.3,102.5,1.9,31.0,102.9,28361.0,223.0,627.0,28399.0,4.0,-0.3,-0.2,4.1,45027.0,20.0,302.0,45028.0,16667.0,-202.0,-324.0,16629.0,63.0,0.5,1.0,63.1,60.4,0.6,1.0,60.5,0.3125,2.772588722239781
2021-05-01,주말,경부선,29804,1576364,1104996,469365.7560792081,33729.62024136573,328477.9755195416,9.821172679347924,194.8440094951217,5.765581247804918,0,219,0,0,219,70,70,112,1718,9011.170676890531,260562.0,317680.0,-57118.0,5.1,6.2,-1.1,0.808,105.1,2.4,192507.0,3.8,101673.0,2.0,83.6,80.6,86.6,75416.0,57246.0,1391.0,2258.0,169.0,349.0,3435.0,1670.0,27.0,8871.0,74463.0,15381.0,1482.0,1110.0,3678.0,52812.0,102.05,0.07,2.61,102.0,101.14,-0.41,2.3,101.3,108.13,0.07,15.11,108.7,100.0,0.0,0.0,100.0,100.41,0.13,0.53,100.3,105.46,1.02,10.15,105.2,104.94,0.65,5.62,104.8,105.7,3.2,27.3,106.4,28698.0,337.0,489.0,28596.0,4.0,0.0,-0.5,3.9,45049.0,22.0,293.0,45048.0,16351.0,-316.0,-197.0,16452.0,63.7,0.7,0.7,63.5,61.2,0.8,1.0,61.0,0.5882352941176471,2.833213344056216
2021-06-01,주말,경부선,25536,1350774,973204,402819.1685,29090.03991,289927.1877645377,8.651880271,166.20919406714978,5.114310080188472,0,188,0,0,188,60,60,96,1472,7939.132998413537,260562.0,317680.0,-57118.0,5.1,6.2,-1.1,0.808,105.1,2.4,192507.0,3.8,101673.0,2.0,83.6,80.6,86.6,79446.0,64145.0,630.0,783.0,166.0,373.0,3341.0,1772.0,6.0,8230.0,77029.0,17847.0,1586.0,1423.0,2771.0,53402.0,102.05,0.0,2.34,102.1,101.17,0.03,2.29,101.3,109.85,1.72,13.72,110.2,100.0,0.0,0.0,100.0,100.24,-0.17,0.36,100.4,105.83,0.37,10.12,107.4,105.29,0.35,5.97,105.3,111.1,5.4,28.4,106.8,28730.0,32.0,447.0,28665.0,3.8,-0.2,-0.5,3.7,45068.0,19.0,293.0,45069.0,16339.0,-12.0,-153.0,16404.0,63.7,0.0,0.5,63.6,61.3,0.1,0.9,61.3,-0.4523809523809524,3.737669618283368
2021-07-01,주말,경부선,29884,1580030,888456,461930.896,33349.456965017875,259371.09842430268,7.882643413009554,193.94944957532857,4.572049428,0,228,0,4,224,70,70,112,1728,7209.658683991841,260562.0,317680.0,-57118.0,5.1,6.2,-1.1,0.808,105.1,2.4,192507.0,3.8,101673.0,2.0,83.6,80.6,86.6,101963.0,86000.0,870.0,950.0,237.0,173.0,3315.0,1972.0,22.0,8424.0,83005.0,20297.0,1601.0,2418.0,2447.0,56242.0,102.26,0.21,2.63,102.4,101.44,0.27,0.42,101.4,112.54,2.69,13.95,112.1,100.0,0.0,0.0,100.0,100.47,0.23,0.39,100.4,110.83,5.0,10.43,110.2,105.8,0.51,6.26,105.8,103.6,-7.5,18.5,105.9,28568.0,-162.0,324.0,28548.0,3.2,-0.6,-0.8,3.2,45090.0,22.0,295.0,45087.0,16522.0,183.0,-29.0,16540.0,63.4,-0.3,0.3,63.3,61.3,0.0,0.8,61.3,-0.1666666666666666,3.9889840465642745
2021-08-01,주말,경부선,27860,1474700,763214,430384.48177256784,31045.24361966487,221945.08973084064,6.732382735243184,180.2629080850608,3.90719545968841,0,229,0,0,229,65,65,104,1620,6128.379544290835,260562.0,317680.0,-57118.0,5.1,6.2,-1.1,0.808,105.1,2.4,192507.0,3.8,101673.0,2.0,83.6,80.6,86.6,137712.0,122707.0,420.0,875.0,241.0,185.0,3228.0,1760.0,34.0,8262.0,97087.0,18452.0,2059.0,2741.0,22161.0,51674.0,102.75,0.49,2.56,102.7,101.5,0.06,0.74,101.4,114.03,1.49,15.17,113.4,100.0,0.0,0.0,100.0,100.47,0.0,0.39,100.5,114.03,3.2,4.25,111.0,106.3,0.5,6.74,106.5,102.9,-0.7,13.8,103.6,28346.0,-222.0,397.0,28451.0,2.6,-0.6,-0.5,2.8,45104.0,14.0,291.0,45106.0,16758.0,236.0,-106.0,16655.0,62.8,-0.6,0.4,63.1,61.2,-0.1,0.8,61.3,-0.4477611940298507,4.204692619390966
2021-09-01,주말,경부선,25764,1363764,776239,396300.8453804343,28051.85625600717,224844.8909169364,6.835195106,169.49808105067305,3.8882625811548577,0,182,42,0,140,60,60,96,1498,6222.460061443932,260562.0,317680.0,-57118.0,5.1,6.2,-1.1,0.808,105.1,2.4,192507.0,3.8,101673.0,2.0,83.6,80.6,86.6,116615.0,102263.0,611.0,1036.0,181.0,336.0,3038.0,2044.0,7.0,7099.0,89800.0,19611.0,1895.0,1725.0,11393.0,55176.0,103.17,0.42,2.43,103.1,101.27,-0.23,1.0,101.7,113.7,-0.33,15.19,114.7,100.0,0.0,0.0,100.0,100.47,0.0,0.34,100.5,108.1,-5.93,5.89,109.1,107.29,0.99,6.94,107.1,104.2,1.3,23.9,104.8,28439.0,93.0,427.0,28438.0,2.7,0.1,-0.9,2.7,45124.0,20.0,295.0,45125.0,16685.0,-73.0,-132.0,16688.0,63.0,0.2,0.5,63.0,61.3,0.1,1.0,61.3,0.0,3.4339872044851463
2021-10-01,주말,경부선,32160,1702364,1287633,499516.4106837165,36066.70325843272,377449.2346189455,11.347252263002328,207.7956841159431,6.652265030412838,0,255,0,0,255,75,75,120,1870,10329.979774705582,260562.0,317680.0,-57118.0,5.1,6.2,-1.1,0.808,105.1,2.4,192507.0,3.8,101673.0,2.0,83.6,80.6,86.6,124399.0,108640.0,671.0,1033.0,242.0,295.0,3281.0,1861.0,559.0,7817.0,92416.0,25698.0,2397.0,2193.0,2702.0,59426.0,103.35,0.18,3.17,103.5,102.44,1.17,1.68,102.1,116.51,2.81,19.03,117.0,100.0,0.0,0.0,100.0,100.47,0.0,0.34,100.5,105.11,-2.99,3.61,106.7,107.69,0.4,6.45,107.7,107.4,3.2,14.8,106.6,28528.0,89.0,412.0,28498.0,2.8,0.1,-0.9,2.7,45148.0,24.0,296.0,45151.0,16620.0,-65.0,-116.0,16653.0,63.2,0.2,0.5,63.1,61.4,0.1,1.0,61.4,0.0,3.49650756146648
2021-11-01,주말,경부선,25728,1361792,1284344,402865.7934111556,29215.45421,379813.6579818816,11.320471917299454,165.48818072925087,6.726914844065983,0,191,0,0,191,60,60,96,1496,10304.745135688683,260562.0,317680.0,-57118.0,5.1,6.2,-1.1,0.808,105.1,2.4,192507.0,3.8,101673.0,2.0,83.6,80.6,86.6,147907.0,133790.0,591.0,722.0,179.0,92.0,3566.0,1589.0,40.0,7338.0,94358.0,28734.0,2791.0,1876.0,3272.0,57685.0,103.87,0.52,3.78,103.8,102.57,0.13,1.96,102.8,120.73,4.22,24.08,117.7,100.0,0.0,0.0,100.0,100.47,0.0,0.34,100.5,106.89,1.78,5.43,107.5,107.97,0.28,6.73,108.0,108.3,0.9,9.3,106.7,28528.0,0.0,320.0,28445.0,2.6,-0.2,-0.8,3.0,45181.0,33.0,297.0,45178.0,16653.0,33.0,-22.0,16734.0,63.1,-0.1,0.3,63.0,61.5,0.1,0.8,61.1,0.3673469387755102,3.8918202981106265
2021-12-01,주말,경부선,27860,1474638,1134901,432072.8695322298,31474.633324297967,332217.85619008844,10.011499902459626,178.48729203547924,5.907436881034741,0,198,0,0,198,65,65,104,1620,9112.870712,260562.0,317680.0,-57118.0,5.1,6.2,-1.1,0.808,105.1,2.4,192507.0,3.8,101673.0,2.0,83.6,80.6,86.6,139426.0,124360.0,820.0,1065.0,196.0,283.0,3072.0,1802.0,89.0,7739.0,90150.0,25630.0,1755.0,1831.0,4115.0,56819.0,104.04,0.17,3.71,104.3,103.3,0.73,3.32,103.3,115.92,-4.81,17.13,117.3,100.0,0.0,0.0,100.0,100.66,0.19,0.53,100.7,110.42,3.53,7.04,109.7,108.47,0.5,6.82,108.8,104.4,-3.9,13.6,105.9,28278.0,-250.0,617.0,28301.0,3.5,0.9,-0.6,3.4,45206.0,25.0,290.0,45196.0,16929.0,276.0,-326.0,16895.0,62.6,-0.5,1.0,62.6,60.4,-1.1,1.3,60.5,0.1666666666666666,3.4011973816621555
2022-01-01,주말,경부선,29872,1581464,1034298,474789.90673438506,34109.52173053993,309335.96892526705,9.174812021436988,194.88385728816465,5.441429719984336,0,200,42,0,158,70,70,112,1724,8427.528782551391,249186.0,372939.0,-123753.0,4.9,7.3,-2.4,0.778,104.7,2.3,191690.0,3.7,93232.0,1.8,82.7,79.9,85.6,147434.0,132290.0,938.0,1191.0,10.0,226.0,3279.0,1983.0,40.0,7477.0,81851.0,16961.0,2110.0,1957.0,2890.0,57933.0,104.85,0.81,3.81,104.8,104.03,0.73,3.31,103.8,115.3,-0.62,12.45,116.7,100.0,0.0,0.0,100.0,100.88,0.22,0.6,100.8,111.82,1.4,6.08,111.2,109.99,1.52,7.86,109.7,105.0,0.6,9.8,104.3,28096.0,-182.0,708.0,28243.0,4.1,0.6,-1.6,3.7,45200.0,-6.0,232.0,45206.0,17104.0,175.0,-476.0,16963.0,62.2,-0.4,1.3,62.5,59.6,-0.8,2.2,60.2,-0.4069767441860465,4.454347296253507
2022-02-01,주말,경부선,25728,1361792,819772,402301.26351358567,29281.975811301665,241585.9348094908,7.2274537316718845,164.8992885639226,4.292755871350552,0,184,0,0,184,60,60,96,1496,6578.895161290323,249186.0,372939.0,-123753.0,4.9,7.3,-2.4,0.778,104.7,2.3,191690.0,3.7,93232.0,1.8,82.7,79.9,85.6,112722.0,99385.0,855.0,1349.0,10.0,93.0,3179.0,1336.0,118.0,6397.0,99999.0,16512.0,2135.0,1222.0,25444.0,54686.0,105.42,0.57,3.84,105.5,104.17,0.14,3.49,104.1,118.99,3.69,14.73,121.6,100.0,0.0,0.0,100.0,100.88,0.0,0.6,100.9,111.34,-0.48,4.96,112.3,110.55,0.56,7.52,110.3,103.6,-1.4,6.2,104.1,28356.0,260.0,638.0,28360.0,3.4,-0.7,-1.5,3.5,45213.0,13.0,226.0,45211.0,16857.0,-247.0,-412.0,16851.0,62.7,0.5,1.1,62.7,60.6,1.0,2.0,60.5,0.3125,2.772588722239781
2022-03-01,주말,경부선,25728,1361792,830548,392641.3789937884,28080.20998467379,238894.5174044789,7.324564556553449,167.8106394536651,4.172593231247226,0,183,0,0,183,60,60,96,1496,6667.202508960574,249186.0,372939.0,-123753.0,4.9,7.3,-2.4,0.778,104.7,2.3,191690.0,3.7,93232.0,1.8,82.7,79.9,85.6,145503.0,130775.0,986.0,905.0,0.0,110.0,3418.0,1804.0,30.0,7475.0,96768.0,22492.0,2284.0,1509.0,11651.0,58832.0,106.1,0.68,4.26,106.1,104.24,0.07,2.64,104.1,130.55,11.56,23.91,128.0,100.0,0.0,0.0,100.0,100.88,0.0,0.6,100.7,113.69,2.35,11.16,114.5,110.38,-0.17,6.58,110.7,103.8,0.2,3.2,103.9,28627.0,271.0,489.0,28642.0,3.0,-0.4,-1.3,3.1,45219.0,6.0,212.0,45222.0,16592.0,-265.0,-277.0,16580.0,63.3,0.6,0.8,63.3,61.4,0.8,1.6,61.4,0.225,3.688879454113936
2022-04-01,주말,경부선,30028,1589394,1376311,461089.9354964277,33243.81861438377,398834.2322278383,12.127877259480409,194.1840514455632,7.021926098630061,0,212,0,0,212,70,70,112,1746,11039.84229390681,249186.0,372939.0,-123753.0,4.9,7.3,-2.4,0.778,104.7,2.3,191690.0,3.7,93232.0,1.8,82.7,79.9,85.6,215246.0,200450.0,1823.0,1018.0,0.0,37.0,3158.0,1606.0,67.0,7087.0,127919.0,57448.0,3259.0,1960.0,3126.0,62126.0,106.83,0.73,4.85,106.8,103.86,-0.38,2.31,104.2,134.52,3.97,26.46,133.4,100.0,0.0,0.0,100.0,100.28,-0.6,0.0,100.5,118.54,4.85,14.1,118.3,111.02,0.64,6.73,110.9,104.4,0.6,1.9,103.8,28942.0,315.0,581.0,28981.0,3.0,0.0,-1.0,3.0,45233.0,14.0,206.0,45232.0,16291.0,-301.0,-376.0,16251.0,64.0,0.7,1.0,64.1,62.1,0.7,1.7,62.2,-0.0625,2.772588722239781
2022-05-01,주말,경부선,27860,1474700,1618490,426084.4044886748,31204.517841057743,467508.3566829403,14.269076969438824,177.52864644606333,8.360157120740118,0,208,0,0,208,65,65,104,1620,12989.187916026623,249186.0,372939.0,-123753.0,4.9,7.3,-2.4,0.778,104.7,2.3,191690.0,3.7,93232.0,1.8,82.7,79.9,85.6,315945.0,298178.0,3418.0,924.0,0.0,243.0,3231.0,1862.0,934.0,7155.0,175922.0,89179.0,4926.0,3088.0,4854.0,73875.0,107.5,0.67,5.45,107.5,104.57,0.71,3.43,104.5,135.16,0.64,27.03,137.3,100.0,0.0,0.0,100.0,100.28,0.0,-0.13,100.3,122.6,4.06,17.14,122.6,111.19,0.17,6.25,111.5,103.2,-1.2,-2.5,101.4,29374.0,432.0,676.0,29227.0,3.0,0.0,-1.0,3.0,45245.0,12.0,196.0,45242.0,15871.0,-420.0,-480.0,16015.0,64.9,0.9,1.2,64.6,63.0,0.9,1.8,62.7,0.119047619047619,3.737669618283368
2022-06-01,주말,경부선,25728,1361792,1429347,398865.3141301157,29271.91745921173,418243.0298701669,12.596203163425638,163.5448087346286,7.493711997979196,0,189,0,0,189,60,60,96,1496,11466.111495135689,249186.0,372939.0,-123753.0,4.9,7.3,-2.4,0.778,104.7,2.3,191690.0,3.7,93232.0,1.8,82.7,79.9,85.6,412798.0,389640.0,7835.0,1171.0,459.0,2010.0,3105.0,1505.0,9.0,7064.0,227713.0,133883.0,6674.0,2662.0,7215.0,77279.0,108.21,0.71,6.16,108.1,105.06,0.49,3.89,105.0,142.17,7.01,32.32,139.7,100.0,0.0,0.0,100.0,100.28,0.0,0.04,100.3,126.53,3.93,20.7,127.5,112.43,1.24,7.14,112.1,96.7,-6.5,-14.4,95.3,29366.0,-8.0,636.0,29350.0,3.0,0.0,-0.8,3.0,45249.0,4.0,181.0,45251.0,15882.0,11.0,-457.0,15900.0,64.9,0.0,1.2,64.9,62.9,-0.1,1.6,62.9,0.0789473684210526,3.6375861597263857
2022-07-01,주말,경부선,32142,1701347,1702185,506509.4003462171,37265.532348087785,506633.6222401064,15.01296847513152,203.9382782172365,9.102509368472694,0,255,0,0,255,75,75,120,1869,13666.032879372571,249186.0,372939.0,-123753.0,4.9,7.3,-2.4,0.778,104.7,2.3,191690.0,3.7,93232.0,1.8,82.7,79.9,85.6,674022.0,604879.0,42841.0,4183.0,1015.0,8962.0,3326.0,1783.0,11.0,7022.0,263986.0,153171.0,8265.0,3986.0,10235.0,88329.0,108.73,0.52,6.47,108.5,105.41,0.35,3.97,105.4,141.79,-0.38,29.25,137.8,100.0,0.0,0.0,100.0,100.28,0.0,-0.19,100.3,133.22,6.69,22.39,132.1,112.69,0.26,6.89,112.6,85.9,-10.8,-17.7,90.4,29311.0,-55.0,743.0,29234.0,2.9,-0.1,-0.3,2.7,45258.0,9.0,168.0,45259.0,15947.0,65.0,-575.0,16025.0,64.8,-0.1,1.4,64.6,62.9,0.0,1.6,62.9,-0.1444444444444444,4.499809670330265
2022-08-01,주말,경부선,25512,1350332,1334406,410843.9822664844,30349.43421941212,405446.8156221656,11.86209035793259,162.47375831796472,7.311270863664661,0,208,0,0,208,60,60,96,1484,10793.453398373984,249186.0,372939.0,-123753.0,4.9,7.3,-2.4,0.778,104.7,2.3,191690.0,3.7,93232.0,1.8,82.7,79.9,85.6,702153.0,622840.0,47261.0,9141.0,1171.0,9600.0,3533.0,1668.0,2.0,6937.0,310945.0,159128.0,7900.0,3607.0,44854.0,95456.0,108.63,-0.1,5.88,108.7,105.59,0.18,4.09,105.6,129.52,-12.27,15.49,132.6,100.0,0.0,0.0,100.0,100.28,0.0,-0.19,100.3,136.53,3.31,22.5,131.7,112.69,0.0,6.39,112.8,88.7,2.8,-14.2,88.7,29025.0,-286.0,679.0,29143.0,2.1,-0.8,-0.5,2.5,45270.0,12.0,166.0,45271.0,16246.0,299.0,-512.0,16128.0,64.1,-0.7,1.3,64.4,62.8,-0.1,1.6,62.8,-0.1447368421052631,4.330733340286331
2022-09-01,주말,경부선,27698,1466167,1515904,437384.7527884635,31658.2854025478,451289.1523066324,13.44504039759468,179.59338706643013,7.979562288852375,0,199,42,0,157,65,65,104,1611,12236.03343089431,249186.0,372939.0,-123753.0,4.9,7.3,-2.4,0.778,104.7,2.3,191690.0,3.7,93232.0,1.8,82.7,79.9,85.6,619954.0,559691.0,37030.0,8724.0,664.0,2666.0,2682.0,1310.0,2.0,7185.0,337638.0,213310.0,8528.0,3589.0,21701.0,90510.0,108.82,0.19,5.65,108.9,105.67,0.08,4.4,106.1,126.37,-3.15,12.67,126.9,100.0,0.0,0.0,100.0,100.28,0.0,-0.19,100.3,125.35,-11.18,17.25,128.8,113.0,0.31,5.71,112.9,91.5,2.8,-12.7,89.7,29093.0,68.0,654.0,29076.0,2.4,0.3,-0.3,2.3,45284.0,14.0,160.0,45285.0,16191.0,-55.0,-494.0,16210.0,64.2,0.1,1.2,64.2,62.7,-0.1,1.4,62.7,-0.2666666666666666,4.31748811353631
2022-10-01,주말,경부선,29992,1587484,1870696,470337.0544185464,34491.91231485552,553504.1034092066,16.498122133435555,190.91087835802404,9.908397769797256,0,240,0,6,234,70,70,112,1744,15017.308547283546,249186.0,372939.0,-123753.0,4.9,7.3,-2.4,0.778,104.7,2.3,191690.0,3.7,93232.0,1.8,82.7,79.9,85.6,773480.0,668885.0,71579.0,15826.0,799.0,3553.0,3494.0,1762.0,78.0,7504.0,476097.0,360862.0,9314.0,3660.0,3924.0,98337.0,109.16,0.34,5.81,109.0,107.0,1.33,4.56,106.6,124.91,-1.46,8.4,125.5,100.0,0.0,0.0,100.0,100.23,-0.05,-0.24,100.4,124.45,-0.9,19.34,123.3,112.97,-0.03,5.28,113.0,88.8,-2.7,-18.6,88.9,29110.0,17.0,582.0,29097.0,2.4,0.0,-0.4,2.4,45302.0,18.0,154.0,45301.0,16192.0,1.0,-428.0,16205.0,64.3,0.1,1.1,64.2,62.7,0.0,1.3,62.7,-0.5137614678899083,4.691347882229144
2022-11-01,주말,경부선,25512,1350332,1654162,402934.2038728427,29429.577852988547,493604.9249336906,14.700859904163607,164.29551083341946,8.801991476,0,197,0,0,197,60,60,96,1484,13376.639609756096,249186.0,372939.0,-123753.0,4.9,7.3,-2.4,0.778,104.7,2.3,191690.0,3.7,93232.0,1.8,82.7,79.9,85.6,1041431.0,848800.0,126419.0,35388.0,3779.0,13007.0,3687.0,1795.0,45.0,8511.0,459906.0,341686.0,9855.0,4750.0,6313.0,97302.0,109.07,-0.09,5.2,109.2,107.18,0.18,4.61,106.8,125.18,0.27,4.45,123.6,100.0,0.0,0.0,100.0,100.68,0.45,0.21,100.6,120.17,-4.28,13.28,122.5,112.89,-0.08,4.92,113.0,86.4,-2.4,-21.9,88.4,29087.0,-23.0,559.0,28957.0,2.3,-0.1,-0.3,2.6,45318.0,16.0,137.0,45317.0,16231.0,39.0,-422.0,16360.0,64.2,-0.1,1.1,63.9,62.7,0.0,1.2,62.2,-0.6844919786096256,5.231108616854587
2022-12-01,주말,경부선,30136,1595248,1767526,473014.1830667796,34519.30057197407,524016.2678484551,15.526452266810027,191.8647160046233,9.330321605594172,0,247,0,10,237,70,70,112,1752,14136.435717595425,249186.0,372939.0,-123753.0,4.9,7.3,-2.4,0.778,104.7,2.3,191690.0,3.7,93232.0,1.8,82.7,79.9,85.6,1393343.0,1107665.0,192723.0,39415.0,5497.0,33407.0,5760.0,1897.0,54.0,6925.0,539273.0,434305.0,6920.0,3702.0,9988.0,84358.0,109.26,0.19,5.22,109.5,106.23,-0.95,2.93,106.5,120.82,-4.36,4.9,121.7,100.0,0.0,0.0,100.0,101.02,0.34,0.36,101.1,122.87,2.7,12.45,122.1,113.06,0.17,4.59,113.1,90.0,3.6,-14.4,89.0,28674.0,-413.0,396.0,28716.0,3.0,0.7,-0.5,3.0,45332.0,14.0,126.0,45334.0,16658.0,427.0,-271.0,16618.0,63.3,-0.9,0.7,63.4,61.3,-1.4,0.9,61.4,-0.592964824120603,5.293304824724492
2023-01-01,주말,경부선,27806,1471835,1509485,449526.9888846773,32709.06061172599,460706.0274498103,13.33316974645668,178.6700898666796,8.183884433596967,0,205,42,4,159,65,65,104,1617,12136.048355931118,230028.0,352511.0,-122483.0,4.5,6.9,-2.4,0.721,105.1,2.5,193657.0,3.8,92394.0,1.8,83.5,80.6,86.4,1782313.0,1406230.0,242040.0,55070.0,6860.0,55102.0,9016.0,1408.0,26.0,6561.0,434429.0,312847.0,7645.0,4145.0,13674.0,96118.0,110.07,0.81,5.22,109.9,106.2,-0.03,2.17,105.8,119.03,-1.79,3.73,119.2,100.0,0.0,0.0,100.0,101.61,0.59,0.73,101.9,123.23,0.36,11.41,122.1,113.33,0.27,3.34,113.4,90.6,0.6,-14.4,90.2,28387.0,-287.0,291.0,28555.0,3.6,0.6,-0.5,3.2,45352.0,20.0,152.0,45346.0,16965.0,307.0,-139.0,16791.0,62.6,-0.7,0.4,63.0,60.3,-1.0,0.7,60.9,-0.1285714285714285,4.248495242049359
2023-02-01,주말,경부선,25512,1350394,1553840,403359.8234388613,29721.67158580572,463998.1469070136,13.810670776232962,162.86677853138863,8.351944362419147,0,189,0,0,189,60,60,96,1484,12567.14081300813,230028.0,352511.0,-122483.0,4.5,6.9,-2.4,0.721,105.1,2.5,193657.0,3.8,92394.0,1.8,83.5,80.6,86.4,1724880.0,1336568.0,239658.0,55525.0,9064.0,62230.0,13354.0,1395.0,16.0,7070.0,479248.0,319098.0,7383.0,3165.0,53111.0,96491.0,110.33,0.26,4.91,110.3,105.07,-1.13,0.9,105.4,117.63,-1.4,-1.36,117.8,100.0,0.0,0.0,100.0,102.96,1.35,2.08,102.5,120.11,-3.12,8.77,120.6,113.92,0.59,3.37,113.8,90.0,-0.6,-13.6,90.8,28604.0,217.0,248.0,28685.0,3.1,-0.5,-0.3,3.2,45355.0,3.0,142.0,45358.0,16751.0,-214.0,-106.0,16673.0,63.1,0.5,0.4,63.3,61.1,0.8,0.5,61.2,-0.6666666666666666,3.80666248977032
2023-03-01,주말,경부선,27626,1462223,1633388,426944.66053211095,31255.80978494384,476602.8588716999,14.526602344553366,177.58219149696367,8.521553686673656,0,211,0,0,211,65,65,104,1607,13217.636032520326,230028.0,352511.0,-122483.0,4.5,6.9,-2.4,0.721,105.1,2.5,193657.0,3.8,92394.0,1.8,83.5,80.6,86.4,1472193.0,1142910.0,199184.0,55771.0,5619.0,46627.0,12932.0,1825.0,54.0,7271.0,800575.0,627681.0,10543.0,4719.0,30743.0,126889.0,110.52,0.19,4.42,110.5,104.99,-0.08,0.75,105.2,116.73,-0.9,-13.82,117.6,100.0,0.0,0.0,100.0,102.96,0.0,2.08,103.0,118.59,-1.52,4.9,117.8,114.17,0.25,3.79,114.3,91.9,1.9,-11.9,92.3,29063.0,459.0,436.0,28968.0,2.9,-0.2,-0.1,2.9,45367.0,12.0,148.0,45365.0,16304.0,-447.0,-288.0,16397.0,64.1,1.0,0.8,63.9,62.2,1.1,0.8,62.0,-0.1558441558441558,4.343805421853684
2023-04-01,주말,경부선,29776,1576024,1831775,468841.8520840393,34360.22784929453,544505.5476340114,16.27500284089381,191.0271083765072,9.745436850474492,0,220,0,0,220,70,70,112,1732,14809.17261788618,230028.0,352511.0,-122483.0,4.5,6.9,-2.4,0.721,105.1,2.5,193657.0,3.8,92394.0,1.8,83.5,80.6,86.4,1497105.0,1184035.0,182366.0,60906.0,6529.0,38651.0,15526.0,1870.0,17.0,7205.0,888776.0,736870.0,9945.0,5603.0,6461.0,129897.0,110.77,0.25,3.94,110.8,105.51,0.52,1.65,105.4,118.52,1.79,-16.0,117.8,100.0,0.0,0.0,100.0,102.96,0.0,2.68,103.0,114.84,-3.75,-3.7,115.7,114.8,0.63,3.78,114.6,95.1,3.2,-9.3,95.0,29236.0,173.0,294.0,29307.0,2.8,-0.1,-0.2,2.8,45372.0,5.0,139.0,45373.0,16135.0,-169.0,-156.0,16065.0,64.4,0.3,0.4,64.6,62.7,0.5,0.6,62.8,-0.1509433962264151,3.970291913552122
2023-05-01,주말,경부선,25512,1350332,1611120,404207.2782819125,29764.467495013498,481505.5167547422,14.31913861461718,162.98372562322734,8.656263564590153,0,188,0,0,188,60,60,96,1484,13029.26868292683,230028.0,352511.0,-122483.0,4.5,6.9,-2.4,0.721,105.1,2.5,193657.0,3.8,92394.0,1.8,83.5,80.6,86.4,1683022.0,1340306.0,193001.0,68612.0,6417.0,44789.0,20331.0,2238.0,10.0,7318.0,867130.0,691789.0,11518.0,6162.0,15265.0,142396.0,111.13,0.36,3.63,111.0,105.56,0.05,0.99,105.4,118.03,-0.49,-17.13,117.0,100.0,0.0,0.0,100.0,102.96,0.0,2.68,103.2,113.62,-1.22,-8.98,114.2,114.83,0.03,3.64,114.8,98.1,3.0,-5.1,98.0,29623.0,387.0,249.0,29492.0,2.7,-0.1,-0.3,2.7,45379.0,7.0,134.0,45378.0,15756.0,-379.0,-115.0,15885.0,65.3,0.9,0.4,65.0,63.5,0.8,0.5,63.2,0.4102564102564102,3.6635616461296463
2023-06-01,주말,경부선,27626,1462285,1678704,438168.6043171657,31972.98219868573,502554.3092014336,14.925069530253994,178.16104575102855,8.954923283384955,0,221,0,0,221,65,65,104,1607,13580.946341463416,230028.0,352511.0,-122483.0,4.5,6.9,-2.4,0.721,105.1,2.5,193657.0,3.8,92394.0,1.8,83.5,80.6,86.4,1771962.0,1395722.0,198457.0,66859.0,6398.0,60022.0,28027.0,1781.0,202.0,14494.0,960638.0,789269.0,9819.0,5513.0,16299.0,139738.0,111.16,0.03,2.95,111.2,105.06,-0.5,0.0,105.6,114.51,-3.52,-27.66,115.5,100.0,0.0,0.0,100.0,103.72,0.76,3.44,104.4,114.02,0.4,-12.51,115.1,114.88,0.05,2.45,114.9,100.8,2.7,4.1,100.8,29618.0,-5.0,252.0,29578.0,2.7,0.0,-0.3,2.7,45383.0,4.0,134.0,45387.0,15765.0,9.0,-117.0,15809.0,65.3,0.0,0.4,65.2,63.5,0.0,0.6,63.4,-0.4885496183206106,4.875197323201151
2023-07-01,주말,경부선,29344,1553104,1688805,481917.6657077701,34911.90435555601,523491.53446216206,15.22389210276213,193.3015200825327,9.269144754470585,0,222,0,0,222,70,70,112,1708,13842.368325856614,230028.0,352511.0,-122483.0,4.5,6.9,-2.4,0.721,105.1,2.5,193657.0,3.8,92394.0,1.8,83.5,80.6,86.4,2153857.0,1691737.0,246590.0,74734.0,7646.0,89816.0,33505.0,1948.0,0.0,7881.0,1032188.0,853340.0,10328.0,6730.0,18504.0,143286.0,111.29,0.13,2.56,111.6,106.06,1.0,0.65,105.7,114.0,-0.51,-27.79,116.3,100.0,0.0,0.0,100.0,106.64,2.92,6.36,107.3,117.79,3.77,-15.43,117.8,115.1,0.22,2.41,115.1,103.5,2.7,17.6,102.6,29493.0,-125.0,182.0,29454.0,2.7,0.0,-0.2,2.5,45399.0,16.0,141.0,45399.0,15907.0,142.0,-40.0,15945.0,65.0,-0.3,0.2,64.9,63.2,-0.3,0.3,63.3,-0.5263157894736842,4.890349128221754
2023-08-01,주말,경부선,25512,1350332,1519750,415866.5953471274,30514.13374544276,467634.039916684,13.509209781491643,163.56283029798317,8.377445100001847,0,191,0,0,191,60,60,96,1484,12292.206959349594,230028.0,352511.0,-122483.0,4.5,6.9,-2.4,0.721,105.1,2.5,193657.0,3.8,92394.0,1.8,83.5,80.6,86.4,2093236.0,1636944.0,237485.0,71986.0,6602.0,96737.0,33806.0,1965.0,1.0,7710.0,1089133.0,839458.0,10270.0,5354.0,70603.0,163448.0,112.28,0.99,3.65,112.1,106.04,-0.02,0.45,105.9,120.34,6.34,-9.18,119.2,100.0,0.0,0.0,100.0,111.65,5.01,11.37,110.1,121.55,3.76,-14.98,118.7,115.17,0.07,2.48,115.2,103.4,-0.1,14.7,102.2,29251.0,-242.0,226.0,29368.0,2.0,-0.7,-0.1,2.3,45415.0,16.0,145.0,45415.0,16163.0,256.0,-83.0,16047.0,64.4,-0.6,0.3,64.7,63.1,-0.1,0.3,63.2,0.0423728813559322,4.770684624465665
2023-09-01,주말,경부선,29016,1532930,1730278,474761.7007550588,34312.03005594916,539398.9856030515,15.944945941657178,193.75894551538852,9.515121456,0,242,26,1,215,70,70,112,1732,14167.654575816656,230028.0,352511.0,-122483.0,4.5,6.9,-2.4,0.721,105.1,2.5,193657.0,3.8,92394.0,1.8,83.5,80.6,86.4,2017157.0,1588497.0,219042.0,77079.0,6732.0,86043.0,29550.0,2375.0,53.0,7786.0,1098034.0,901891.0,9753.0,6385.0,34234.0,145771.0,112.85,0.57,4.03,112.8,105.53,-0.51,-0.14,106.6,123.33,2.99,-3.04,122.8,100.0,0.0,0.0,101.7,111.91,0.26,11.63,112.5,116.88,-4.67,-8.47,119.7,115.25,0.08,2.25,115.3,99.8,-3.6,8.3,100.5,29359.0,108.0,266.0,29333.0,2.3,0.3,-0.1,2.1,45431.0,16.0,147.0,45433.0,16071.0,-92.0,-120.0,16099.0,64.6,0.2,0.4,64.6,63.2,0.1,0.5,63.2,-0.6369047619047619,6.222576268071369
2023-10-01,주말,경부선,28494,1504603,1823506,444628.6245647539,32310.056834082978,538047.5269200307,15.75576429547079,178.8993013,9.541075536044168,0,207,13,0,194,65,65,104,1713,13838.937152040406,230028.0,352511.0,-122483.0,4.5,6.9,-2.4,0.721,105.1,2.5,193657.0,3.8,92394.0,1.8,83.5,80.6,86.4,2042703.0,1573606.0,239377.0,78644.0,8334.0,92378.0,39815.0,2657.0,54.0,7838.0,1229899.0,1009849.0,12852.0,6723.0,16956.0,183519.0,113.27,0.42,4.11,112.9,108.08,2.55,1.08,106.9,124.72,1.39,-0.19,122.9,105.11,5.11,5.11,103.4,113.92,2.01,13.69,113.3,120.71,3.83,-3.74,118.6,115.36,0.11,2.39,115.4,98.2,-1.6,9.4,98.4,29390.0,31.0,280.0,29375.0,2.1,-0.2,-0.3,2.2,45452.0,21.0,150.0,45453.0,16062.0,-9.0,-130.0,16078.0,64.7,0.1,0.4,64.6,63.3,0.1,0.6,63.2,-0.0609756097560975,4.406719247264253
2023-11-01,주말,경부선,26280,1387832,1776440,405666.12991716736,29403.274360031806,519086.9480694271,15.360401544149862,165.55238130779668,9.181769530991724,0,196,0,0,196,60,60,96,1580,13492.10204901567,230028.0,352511.0,-122483.0,4.5,6.9,-2.4,0.721,105.1,2.5,193657.0,3.8,92394.0,1.8,83.5,80.6,86.4,2061646.0,1562719.0,258694.0,78119.0,8735.0,105385.0,35781.0,2877.0,63.0,9273.0,1114990.0,933033.0,11108.0,6858.0,16768.0,147223.0,112.68,-0.59,3.61,112.9,107.09,-0.99,-0.09,107.2,120.76,-3.96,-4.42,120.8,105.11,0.0,5.11,105.1,114.07,0.15,13.39,114.0,118.26,-2.45,-1.91,119.2,115.48,0.12,2.59,115.4,97.2,-1.0,10.8,98.4,29375.0,-15.0,288.0,29267.0,2.3,0.2,0.0,2.6,45476.0,24.0,158.0,45478.0,16101.0,39.0,-130.0,16210.0,64.6,-0.1,0.4,64.4,63.1,-0.2,0.4,62.7,0.15,4.0943445622221
2023-12-01,주말,경부선,32850,1733984,2030693,506435.5856521464,36883.95922457821,591764.8464197988,17.56352274926488,205.99942199041288,10.511291161614894,0,239,0,0,239,75,75,120,1975,15420.675371635196,230028.0,352511.0,-122483.0,4.5,6.9,-2.4,0.721,105.1,2.5,193657.0,3.8,92394.0,1.8,83.5,80.6,86.4,2415767.0,1830043.0,313388.0,85313.0,9581.0,129187.0,36433.0,3927.0,37.0,7858.0,1036625.0,865774.0,8642.0,5272.0,21362.0,135575.0,112.73,0.05,3.47,112.9,106.47,-0.62,0.24,106.9,116.85,-3.91,-3.97,117.3,105.11,0.0,5.11,105.5,114.07,0.0,13.05,114.3,118.72,0.46,-4.15,118.7,115.5,0.02,2.44,115.8,99.7,2.5,9.7,99.5,29037.0,-338.0,363.0,29076.0,3.3,1.0,0.3,3.1,45505.0,29.0,173.0,45498.0,16468.0,367.0,-190.0,16423.0,63.8,-0.8,0.5,63.9,61.7,-1.4,0.4,61.9,0.1647058823529411,4.442651256490317
2024-01-01,주말,경부선,26280,1385414,1512083,406493.4871343729,29521.67683265592,443227.2906268679,13.098805300448245,165.22933105713807,7.856453867812348,0,185,0,0,185,60,60,96,1580,11485.455489869712,238300.0,358400.0,-120000.0,4.7,7.0,-2.4,0.75,105.0,,222412.0,4.4,91151.0,1.8,,,,2770866.0,2124318.0,342786.0,88687.0,12704.0,151784.0,39664.0,3086.0,70.0,7767.0,880881.0,696840.0,10204.0,4507.0,18077.0,151253.0,113.17,0.44,3.1,113.2,107.05,0.58,0.85,107.5,114.32,-2.53,-4.71,115.9,106.14,1.03,6.14,105.8,114.78,0.71,13.17,114.5,119.16,0.44,-4.07,119.0,116.36,0.86,3.03,116.4,101.6,1.9,11.0,101.1,28815.0,-222.0,428.0,28936.0,3.7,0.4,0.1,3.4,45514.0,9.0,162.0,45515.0,16699.0,231.0,-266.0,16578.0,63.3,-0.5,0.7,63.6,61.0,-0.7,0.7,61.4,0.2439024390243902,3.713572066704308
2024-02-01,주말,경부선,26352,1389358,1566682,410021.66101299966,29920.498610751325,461722.6044760748,13.533424147376252,164.45376287137245,8.226019562742149,0,177,39,0,138,60,60,96,1584,11870.27309,,,,,,,,,,,,,,,,,2512109.0,1904439.0,308710.0,84892.0,12264.0,150173.0,42567.0,2330.0,16.0,6718.0,1030244.0,773941.0,9140.0,3935.0,70773.0,172455.0,113.78,0.61,3.45,113.6,109.02,1.97,3.95,108.3,116.53,2.21,-1.1,116.2,106.14,0.0,6.14,106.1,114.78,0.0,11.82,114.8,119.11,-0.05,-1.0,117.7,117.28,0.92,3.36,116.9,101.9,0.3,11.9,101.4,28957.0,142.0,353.0,29020.0,3.2,-0.5,0.1,3.3,45525.0,11.0,170.0,45523.0,16568.0,-131.0,-183.0,16503.0,63.6,0.3,0.5,63.7,61.6,0.6,0.5,61.7,0.3296703296703296,4.51085950651685
2024-03-01,주말,경부선,32850,1732000,2009616,500104.9752601413,36444.86076386942,580005.3283727788,17.40800364243966,205.8718944396992,10.31592565,0,232,0,0,232,75,75,120,1975,15265.822189060436,,,,,,,,,,,,,,,,,2141992.0,1604745.0,288168.0,70249.0,8317.0,127895.0,31937.0,2893.0,117.0,7671.0,1491748.0,1223899.0,11372.0,6317.0,52040.0,198120.0,113.95,0.17,3.43,113.9,108.85,-0.17,3.86,109.1,117.67,1.14,0.94,117.9,106.14,0.0,6.14,106.1,114.78,0.0,11.82,114.8,114.71,-4.4,-3.88,116.6,117.01,-0.27,2.84,117.2,100.7,-1.2,8.8,101.1,29288.0,331.0,225.0,29274.0,3.0,-0.2,0.1,3.1,45529.0,4.0,162.0,45531.0,16242.0,-326.0,-62.0,16257.0,64.3,0.7,0.2,64.3,62.4,0.8,0.2,62.3,0.6290322580645161,4.127134385045092
2024-04-01,주말,경부선,0,1385724,0,0.0,0.0,0.0,0.0,0.0,10.192442382062534,0,0,0,0,0,0,0,0,1580,0.0,,,,,,,,,,,,,,,,,0.0,0.0,0.0,0.0,0.0,0.0,0.0,0.0,0.0,0.0,0.0,0.0,0.0,0.0,0.0,0.0,0.0,0.0,0.0,0.0,0.0,0.0,0.0,0.0,0.0,0.0,0.0,0.0,0.0,0.0,0.0,0.0,0.0,0.0,0.0,0.0,0.0,0.0,0.0,0.0,0.0,0.0,0.0,0.0,0.0,0.0,0.0,0.0,0.0,0.0,0.0,0.0,0.0,0.0,0.0,0.0,0.0,0.0,0.0,0.0,0.0,0.0,0.0,0.0,0.0,0.0,0.0,0.0,0.0,0.0,0.0,0.0,0.3369565217391304,4.5217885770490405
2024-05-01,주말,경부선,0,1389844,0,0.0,0.0,0.0,0.0,0.0,9.103269096178195,0,0,0,0,0,0,0,0,1580,0.0,,,,,,,,,,,,,,,,,0.0,0.0,0.0,0.0,0.0,0.0,0.0,0.0,0.0,0.0,0.0,0.0,0.0,0.0,0.0,0.0,0.0,0.0,0.0,0.0,0.0,0.0,0.0,0.0,0.0,0.0,0.0,0.0,0.0,0.0,0.0,0.0,0.0,0.0,0.0,0.0,0.0,0.0,0.0,0.0,0.0,0.0,0.0,0.0,0.0,0.0,0.0,0.0,0.0,0.0,0.0,0.0,0.0,0.0,0.0,0.0,0.0,0.0,0.0,0.0,0.0,0.0,0.0,0.0,0.0,0.0,0.0,0.0,0.0,0.0,0.0,0.0,0.1521739130434782,3.828641396489095
2024-06-01,주말,경부선,0,1389844,0,0.0,0.0,0.0,0.0,0.0,9.401928814972996,0,0,0,0,0,0,0,0,1580,0.0,,,,,,,,,,,,,,,,,0.0,0.0,0.0,0.0,0.0,0.0,0.0,0.0,0.0,0.0,0.0,0.0,0.0,0.0,0.0,0.0,0.0,0.0,0.0,0.0,0.0,0.0,0.0,0.0,0.0,0.0,0.0,0.0,0.0,0.0,0.0,0.0,0.0,0.0,0.0,0.0,0.0,0.0,0.0,0.0,0.0,0.0,0.0,0.0,0.0,0.0,0.0,0.0,0.0,0.0,0.0,0.0,0.0,0.0,0.0,0.0,0.0,0.0,0.0,0.0,0.0,0.0,0.0,0.0,0.0,0.0,0.0,0.0,0.0,0.0,0.0,0.0,0.3804347826086957,4.5217885770490405
2024-07-01,주말,경부선,0,1389844,0,0.0,0.0,0.0,0.0,0.0,9.716150286058626,0,0,0,0,0,0,0,0,1580,0.0,,,,,,,,,,,,,,,,,0.0,0.0,0.0,0.0,0.0,0.0,0.0,0.0,0.0,0.0,0.0,0.0,0.0,0.0,0.0,0.0,0.0,0.0,0.0,0.0,0.0,0.0,0.0,0.0,0.0,0.0,0.0,0.0,0.0,0.0,0.0,0.0,0.0,0.0,0.0,0.0,0.0,0.0,0.0,0.0,0.0,0.0,0.0,0.0,0.0,0.0,0.0,0.0,0.0,0.0,0.0,0.0,0.0,0.0,0.0,0.0,0.0,0.0,0.0,0.0,0.0,0.0,0.0,0.0,0.0,0.0,0.0,0.0,0.0,0.0,0.0,0.0,-0.3859649122807017,4.04305126783455
2024-08-01,주말,경부선,0,1389844,0,0.0,0.0,0.0,0.0,0.0,8.824450631589889,0,0,0,0,0,0,0,0,1580,0.0,,,,,,,,,,,,,,,,,0.0,0.0,0.0,0.0,0.0,0.0,0.0,0.0,0.0,0.0,0.0,0.0,0.0,0.0,0.0,0.0,0.0,0.0,0.0,0.0,0.0,0.0,0.0,0.0,0.0,0.0,0.0,0.0,0.0,0.0,0.0,0.0,0.0,0.0,0.0,0.0,0.0,0.0,0.0,0.0,0.0,0.0,0.0,0.0,0.0,0.0,0.0,0.0,0.0,0.0,0.0,0.0,0.0,0.0,0.0,0.0,0.0,0.0,0.0,0.0,0.0,0.0,0.0,0.0,0.0,0.0,0.0,0.0,0.0,0.0,0.0,0.0,0.0674157303370786,4.48863636973214
2024-09-01,주말,경부선,0,1389844,0,0.0,0.0,0.0,0.0,0.0,9.962126987118792,0,0,0,0,0,0,0,0,1580,0.0,,,,,,,,,,,,,,,,,0.0,0.0,0.0,0.0,0.0,0.0,0.0,0.0,0.0,0.0,0.0,0.0,0.0,0.0,0.0,0.0,0.0,0.0,0.0,0.0,0.0,0.0,0.0,0.0,0.0,0.0,0.0,0.0,0.0,0.0,0.0,0.0,0.0,0.0,0.0,0.0,0.0,0.0,0.0,0.0,0.0,0.0,0.0,0.0,0.0,0.0,0.0,0.0,0.0,0.0,0.0,0.0,0.0,0.0,0.0,0.0,0.0,0.0,0.0,0.0,0.0,0.0,0.0,0.0,0.0,0.0,0.0,0.0,0.0,0.0,0.0,0.0,-0.1797752808988764,4.48863636973214
2024-10-01,주말,경부선,0,1389844,0,0.0,0.0,0.0,0.0,0.0,9.988081067632208,0,0,0,0,0,0,0,0,1580,0.0,,,,,,,,,,,,,,,,,0.0,0.0,0.0,0.0,0.0,0.0,0.0,0.0,0.0,0.0,0.0,0.0,0.0,0.0,0.0,0.0,0.0,0.0,0.0,0.0,0.0,0.0,0.0,0.0,0.0,0.0,0.0,0.0,0.0,0.0,0.0,0.0,0.0,0.0,0.0,0.0,0.0,0.0,0.0,0.0,0.0,0.0,0.0,0.0,0.0,0.0,0.0,0.0,0.0,0.0,0.0,0.0,0.0,0.0,0.0,0.0,0.0,0.0,0.0,0.0,0.0,0.0,0.0,0.0,0.0,0.0,0.0,0.0,0.0,0.0,0.0,0.0,-0.6724137931034483,4.060443010546419
2024-11-01,주말,경부선,0,1389844,0,0.0,0.0,0.0,0.0,0.0,9.628775062579766,0,0,0,0,0,0,0,0,1580,0.0,,,,,,,,,,,,,,,,,0.0,0.0,0.0,0.0,0.0,0.0,0.0,0.0,0.0,0.0,0.0,0.0,0.0,0.0,0.0,0.0,0.0,0.0,0.0,0.0,0.0,0.0,0.0,0.0,0.0,0.0,0.0,0.0,0.0,0.0,0.0,0.0,0.0,0.0,0.0,0.0,0.0,0.0,0.0,0.0,0.0,0.0,0.0,0.0,0.0,0.0,0.0,0.0,0.0,0.0,0.0,0.0,0.0,0.0,0.0,0.0,0.0,0.0,0.0,0.0,0.0,0.0,0.0,0.0,0.0,0.0,0.0,0.0,0.0,0.0,0.0,0.0,-0.6213592233009708,4.634728988229636
2024-12-01,주말,경부선,0,1389844,0,0.0,0.0,0.0,0.0,0.0,10.958296693202936,0,0,0,0,0,0,0,0,1580,0.0,,,,,,,,,,,,,,,,,0.0,0.0,0.0,0.0,0.0,0.0,0.0,0.0,0.0,0.0,0.0,0.0,0.0,0.0,0.0,0.0,0.0,0.0,0.0,0.0,0.0,0.0,0.0,0.0,0.0,0.0,0.0,0.0,0.0,0.0,0.0,0.0,0.0,0.0,0.0,0.0,0.0,0.0,0.0,0.0,0.0,0.0,0.0,0.0,0.0,0.0,0.0,0.0,0.0,0.0,0.0,0.0,0.0,0.0,0.0,0.0,0.0,0.0,0.0,0.0,0.0,0.0,0.0,0.0,0.0,0.0,0.0,0.0,0.0,0.0,0.0,0.0,-0.5727848101265823,5.755742213586912
2025-01-01,주말,경부선,0,1389844,0,0.0,0.0,0.0,0.0,0.0,7.856453867812348,0,0,0,0,0,0,0,0,1580,0.0,,,,,,,,,,,,,,,,,,,,,,,,,,,,,,,,,0.0,0.0,0.0,0.0,0.0,0.0,0.0,0.0,0.0,0.0,0.0,0.0,0.0,0.0,0.0,0.0,0.0,0.0,0.0,0.0,0.0,0.0,0.0,0.0,0.0,0.0,0.0,0.0,0.0,0.0,0.0,0.0,0.0,0.0,0.0,0.0,0.0,0.0,0.0,0.0,0.0,0.0,0.0,0.0,0.0,0.0,0.0,0.0,0.0,0.0,0.0,0.0,0.0,0.0,0.0,0.0,-0.3977272727272727,4.477336814478207
2025-02-01,주말,경부선,0,1389844,0,0.0,0.0,0.0,0.0,0.0,8.226019562742149,0,0,0,0,0,0,0,0,1580,0.0,,,,,,,,,,,,,,,,,,,,,,,,,,,,,,,,,0.0,0.0,0.0,0.0,0.0,0.0,0.0,0.0,0.0,0.0,0.0,0.0,0.0,0.0,0.0,0.0,0.0,0.0,0.0,0.0,0.0,0.0,0.0,0.0,0.0,0.0,0.0,0.0,0.0,0.0,0.0,0.0,0.0,0.0,0.0,0.0,0.0,0.0,0.0,0.0,0.0,0.0,0.0,0.0,0.0,0.0,0.0,0.0,0.0,0.0,0.0,0.0,0.0,0.0,0.0,0.0,0.273972602739726,4.290459441148391
2025-03-01,주말,경부선,0,1389844,0,0.0,0.0,0.0,0.0,0.0,10.31592565,0,0,0,0,0,0,0,0,1580,0.0,,,,,,,,,,,,,,,,,,,,,,,,,,,,,,,,,,,,,,,,,,,,,,,,,,,,,,,,,,,,,,,,,,,,,,,,,,,,,,,,,,,,,,,,,-0.0941176470588235,4.442651256490317
2025-04-01,주말,경부선,0,1389844,0,0.0,0.0,0.0,0.0,0.0,10.192442382062534,0,0,0,0,0,0,0,0,1580,0.0,,,,,,,,,,,,,,,,,,,,,,,,,,,,,,,,,,,,,,,,,,,,,,,,,,,,,,,,,,,,,,,,,,,,,,,,,,,,,,,,,,,,,,,,,,
2025-05-01,주말,경부선,0,1389844,0,0.0,0.0,0.0,0.0,0.0,9.103269096178195,0,0,0,0,0,0,0,0,1580,0.0,,,,,,,,,,,,,,,,,,,,,,,,,,,,,,,,,,,,,,,,,,,,,,,,,,,,,,,,,,,,,,,,,,,,,,,,,,,,,,,,,,,,,,,,,,
2025-06-01,주말,경부선,0,1389844,0,0.0,0.0,0.0,0.0,0.0,9.401928814972996,0,0,0,0,0,0,0,0,1580,0.0,,,,,,,,,,,,,,,,,,,,,,,,,,,,,,,,,,,,,,,,,,,,,,,,,,,,,,,,,,,,,,,,,,,,,,,,,,,,,,,,,,,,,,,,,,
2025-07-01,주말,경부선,0,1389844,0,0.0,0.0,0.0,0.0,0.0,9.716150286058626,0,0,0,0,0,0,0,0,1580,0.0,,,,,,,,,,,,,,,,,,,,,,,,,,,,,,,,,,,,,,,,,,,,,,,,,,,,,,,,,,,,,,,,,,,,,,,,,,,,,,,,,,,,,,,,,,
2025-08-01,주말,경부선,0,1389844,0,0.0,0.0,0.0,0.0,0.0,8.824450631589889,0,0,0,0,0,0,0,0,1580,0.0,,,,,,,,,,,,,,,,,,,,,,,,,,,,,,,,,,,,,,,,,,,,,,,,,,,,,,,,,,,,,,,,,,,,,,,,,,,,,,,,,,,,,,,,,,
2025-09-01,주말,경부선,0,1389844,0,0.0,0.0,0.0,0.0,0.0,9.962126987118792,0,0,0,0,0,0,0,0,1580,0.0,,,,,,,,,,,,,,,,,,,,,,,,,,,,,,,,,,,,,,,,,,,,,,,,,,,,,,,,,,,,,,,,,,,,,,,,,,,,,,,,,,,,,,,,,,
2025-10-01,주말,경부선,0,1389844,0,0.0,0.0,0.0,0.0,0.0,9.988081067632208,0,0,0,0,0,0,0,0,1580,0.0,,,,,,,,,,,,,,,,,,,,,,,,,,,,,,,,,,,,,,,,,,,,,,,,,,,,,,,,,,,,,,,,,,,,,,,,,,,,,,,,,,,,,,,,,,
2025-11-01,주말,경부선,0,1389844,0,0.0,0.0,0.0,0.0,0.0,9.628775062579766,0,0,0,0,0,0,0,0,1580,0.0,,,,,,,,,,,,,,,,,,,,,,,,,,,,,,,,,,,,,,,,,,,,,,,,,,,,,,,,,,,,,,,,,,,,,,,,,,,,,,,,,,,,,,,,,,
2025-12-01,주말,경부선,0,1389844,0,0.0,0.0,0.0,0.0,0.0,10.958296693202936,0,0,0,0,0,0,0,0,1580,0.0,,,,,,,,,,,,,,,,,,,,,,,,,,,,,,,,,,,,,,,,,,,,,,,,,,,,,,,,,,,,,,,,,,,,,,,,,,,,,,,,,,,,,,,,,,
