Date,공급차량수,공급좌석합계수,승차인원수,1인당단가,1인당거리,1좌석당단가,좌석회전율,1키로당단가,승차율,관광,일반,대수송,임시,확정,시발역,종착역,시발종착역,열차운행횟수,1열차당승차인원,외래객입국사유_전체,외래객입국사유_관광,외래객입국사유_상용,외래객입국사유_공융,외래객입국사유_유학연수,외래객입국사유_기타,내국인출입국_전체,공항_인천,공항_김해,공항_김포,공항_제주,공항_기타,항구_부산,항구_인천,항구_제주,항구_기타,인구동태_조출생률(천명당),인구동태_조사망률(천명당),인구동태_자연증가율(천명당),인구동태_합계출산율(명),인구동태_출생성비(명),인구동태_영아사망률(출생아 천명당),인구동태_조혼인율(천명당),인구동태_조이혼율(천명당),인구동태_기대수명(출생시 기대여명),인구동태_기대수명(출생시 기대여명) - 남,인구동태_기대수명(출생시 기대여명) - 여,인구동태_출생아수(명),인구동태_사망자수(명),인구동태_혼인건수(건),인구동태_이혼건수(건),인구동태_자연증가건수(명),경제활동인구_원자료,경제활동인구_전기대비증감,경제활동인구_전년동기대비증감,경제활동인구_이동평균(3기간),  실업률_원자료,  실업률_전기대비증감,  실업률_전년동기대비증감,  실업률_이동평균(3기간),15세이상인구_원자료,15세이상인구_전기대비증감,15세이상인구_전년동기대비증감,15세이상인구_이동평균(3기간),비경제활동인구_원자료,비경제활동인구_전기대비증감,비경제활동인구_전년동기대비증감,비경제활동인구_이동평균(3기간),경제활동참가율_원자료,경제활동참가율_전기대비증감,경제활동참가율_전년동기대비증감,경제활동참가율_이동평균(3기간),고용률_원자료,고용률_전기대비증감,고용률_전년동기대비증감,고용률_이동평균(3기간),총지수_원자료,총지수_전기대비증감,총지수_전년동기대비증감,총지수_이동평균(3기간),    운송장비_원자료,    운송장비_전기대비증감,    운송장비_전년동기대비증감,    운송장비_이동평균(3기간),    개인운송장비 운영_원자료,    개인운송장비 운영_전기대비증감,    개인운송장비 운영_전년동기대비증감,    개인운송장비 운영_이동평균(3기간),      철도 여객수송_원자료,      철도 여객수송_전기대비증감,      철도 여객수송_전년동기대비증감,      철도 여객수송_이동평균(3기간),      도로 여객수송_원자료,      도로 여객수송_전기대비증감,      도로 여객수송_전년동기대비증감,      도로 여객수송_이동평균(3기간),      항공 및 수상여객운송_원자료,      항공 및 수상여객운송_전기대비증감,      항공 및 수상여객운송_전년동기대비증감,      항공 및 수상여객운송_이동평균(3기간),      기타 여객운송_원자료,      기타 여객운송_전기대비증감,      기타 여객운송_전년동기대비증감,      기타 여객운송_이동평균(3기간),소비자심리지수_원자료,소비자심리지수_전기대비증감,소비자심리지수_전년동기대비증감,소비자심리지수_이동평균(3기간),news_count_ktx,news_fare_up,news_fare_down,news_accident,covid_dummy
2015-01-01,34020,1741181,1871129,496684.4938,37822.85989,533787.0925,15.05479435,183.879705,9.691638546,0,218,0,6,212,84,84,154,1991,13164.71383,917054,723255,17686,3094,7752,165267,1834538,1389993,226687,103088,4408,28329,50545,7553,24,23911,8.6,5.4,3.2,1.239,105.3,2.7,5.9,2.1,82.1,79.0,85.2,36535.0,22991.25,25235.66667,9096.083333,13543.75,26380,-188,439,26540,3.7,0.4,0.3,3.8,43040,36,470,43042,16660,224,31,16502,61.3,-0.5,0.4,61.7,59.0,-0.7,0.2,59.3,94.643,0.637,0.913,94.4,101.336,0.534,-0.012,100.9,106.239,-8.126,-20.973,107.6,91.619,1.981,1.981,91.0,85.896,0.124,0.403,85.9,98.721,-1.15,-8.58,97.7,90.656,0.873,5.156,90.7,103.2,1.5,-7.0,102.9,74,4,9,15,0
2015-02-01,28992,1488544,1533571,434612.9461,32762.0874,447295.7995,12.36134239,159.1958766,8.033689554,0,188,46,6,136,72,72,132,1705,10793.21324,1050706,815138,14354,2256,36399,182559,1445609,1102672,173950,86907,4132,13037,44152,4379,48,16332,8.541666667,5.408333333,3.141666667,1.233416667,105.275,2.708333333,5.866666667,2.1,82.1,79.0,85.2,36535.0,22991.25,25235.66667,9096.083333,13543.75,26671,291,379,26630,4.5,0.8,0.0,4.1,43081,41,465,43079,16410,-250,86,16449,61.9,0.6,0.2,61.8,59.1,0.1,0.2,59.3,94.587,-0.056,0.607,94.6,100.706,-0.63,-0.493,100.8,102.071,-4.168,-24.853,104.6,91.619,0.0,1.981,91.6,85.896,0.0,0.308,85.9,94.413,-4.308,-8.978,94.1,91.516,0.86,3.118,91.3,103.9,0.7,-5.3,103.0,118,0,23,2,0
2015-03-01,31246,1607627,1780862,454810.9166,34157.90687,503277.6053,14.39953763,173.1093386,9.011709796,0,196,0,0,196,78,78,143,1837,12604.74251,1238144,958493,18549,3241,27129,230732,1416683,1072957,175351,86170,4276,12679,36822,6067,77,22284,8.483333333,5.416666667,3.083333333,1.227833333,105.25,2.716666667,5.833333333,2.1,82.1,79.0,85.2,36535.0,22991.25,25235.66667,9096.083333,13543.75,26840,169,352,26905,4.0,-0.5,0.1,4.1,43117,36,461,43118,16277,-133,109,16213,62.2,0.3,0.1,62.4,59.8,0.7,0.1,59.8,94.596,0.009,0.443,94.6,100.405,-0.301,-0.476,100.4,105.515,3.444,-21.49,104.4,91.619,0.0,1.981,91.6,85.896,0.0,0.271,85.9,89.082,-5.331,-11.634,91.5,91.589,0.073,3.858,91.6,102.0,-1.9,-7.7,103.6,76,1,18,6,0
2015-04-01,28848,1491483,1681821,424444.3546,31774.29779,478264.4959,13.52845367,160.2953867,8.596620007,0,195,0,0,195,72,72,132,1656,12186.13034,1384567,1112904,17326,4913,5556,243868,1495460,1108944,195851,85345,4155,24129,46589,7623,106,22718,8.425,5.425,3.025,1.22225,105.225,2.725,5.8,2.1,82.1,79.0,85.2,36535.0,22991.25,25235.66667,9096.083333,13543.75,27204,364,186,27166,3.9,-0.1,0.1,3.9,43157,40,460,43156,15953,-324,274,15990,63.0,0.8,-0.3,62.9,60.6,0.8,-0.3,60.5,94.625,0.029,0.411,94.7,100.135,-0.27,-1.094,100.2,105.494,-0.021,-20.925,106.0,91.619,0.0,1.981,91.6,85.896,0.0,0.271,85.9,91.062,1.98,-11.466,91.2,91.571,-0.018,3.741,91.5,104.9,2.9,-4.8,104.4,80,2,18,15,0
2015-05-01,36102,1863967,2144330,531982.0939,40218.49724,611756.68,17.25137877,198.4818646,11.11625345,0,250,0,4,246,90,90,165,2072,15522.61846,1334212,1060730,19010,4679,9222,240571,1579265,1172061,199356,88510,5786,26565,54680,10326,152,21829,8.366666667,5.433333333,2.966666667,1.216666667,105.2,2.733333333,5.766666667,2.1,82.1,79.0,85.2,36535.0,22991.25,25235.66667,9096.083333,13543.75,27453,249,387,27382,3.7,-0.2,0.2,3.8,43194,37,453,43194,15741,-212,67,15813,63.6,0.6,0.3,63.4,61.2,0.6,0.1,61.0,94.89,0.265,0.521,94.8,100.085,-0.05,-1.383,100.0,107.005,1.511,-19.0,107.1,91.619,0.0,1.981,91.6,85.896,0.0,0.271,85.9,93.559,2.497,-9.548,92.8,91.461,-0.11,3.567,91.4,106.3,1.4,1.0,103.3,73,17,20,22,0
2015-06-01,28888,1483393,1125689,435541.6216,32015.50981,329390.2799,9.10781223,163.266979,5.818152663,0,196,0,2,194,72,72,132,1658,8147.660548,750925,517926,12347,3122,11462,206068,1373551,1048204,165805,73846,3688,16427,36952,8323,189,20117,8.308333333,5.441666667,2.908333333,1.211083333,105.175,2.741666667,5.733333333,2.1,82.1,79.0,85.2,36535.0,22991.25,25235.66667,9096.083333,13543.75,27488,35,357,27492,3.8,0.1,0.3,3.7,43232,38,449,43230,15744,3,92,15738,63.6,0.0,0.2,63.6,61.2,0.0,0.0,61.2,94.909,0.019,0.661,95.0,99.725,-0.36,-1.653,99.9,108.738,1.733,-16.453,108.0,91.619,0.0,1.981,94.3,85.896,0.0,0.271,87.5,93.671,0.112,-9.977,96.1,91.278,-0.183,3.292,91.4,98.8,-7.5,-9.3,102.0,60,1,11,2,0
2015-07-01,31254,1609540,1549797,469603.3074,35028.81259,451694.9635,12.51588391,174.3239301,8.100472982,0,250,0,0,250,78,78,143,1794,11230.65033,629737,419430,12867,3734,8477,185229,1675332,1285585,200675,90832,2387,19175,45586,9222,111,21759,8.25,5.45,2.85,1.2055,105.15,2.75,5.7,2.1,82.1,79.0,85.2,36535.0,22991.25,25235.66667,9096.083333,13543.75,27536,48,342,27439,3.6,-0.2,0.2,3.6,43265,33,445,43264,15730,-14,104,15826,63.6,0.0,0.1,63.4,61.3,0.1,-0.1,61.1,95.08,0.171,0.694,95.1,99.875,0.15,-1.463,100.0,108.307,-0.431,-16.62,107.8,99.513,7.894,9.875,96.9,90.653,4.757,5.028,89.2,101.179,7.508,-7.992,98.9,91.315,0.037,3.499,91.4,100.9,2.1,-4.7,100.6,61,1,17,9,0
2015-08-01,32964,1677929,1773664,521993.0603,37907.38596,551666.3294,14.79931294,192.852962,9.763416256,0,279,0,1,278,84,84,154,1932,12853.02722,1069314,730808,17385,4207,46365,270549,1835249,1381206,229054,98274,4917,29865,58726,10473,204,22530,8.191666667,5.458333333,2.791666667,1.199916667,105.125,2.758333333,5.666666667,2.1,82.1,79.0,85.2,36535.0,22991.25,25235.66667,9096.083333,13543.75,27294,-242,217,27395,3.4,-0.2,0.1,3.4,43296,31,435,43296,16003,273,218,15902,63.0,-0.6,-0.2,63.2,60.9,-0.4,-0.2,61.1,95.213,0.133,0.662,95.1,100.425,0.55,-0.496,99.9,106.491,-1.816,-17.575,106.3,99.513,0.0,9.875,99.5,90.989,0.336,5.276,90.9,101.818,0.639,-8.511,98.0,91.58,0.265,3.338,91.6,102.2,1.3,-5.3,102.2,59,0,35,4,0
2015-09-01,28394,1461774,1585350,435359.2359,31106.57688,471392.2409,12.99768714,167.9800623,8.210679623,3,246,51,9,189,72,72,132,1674,11353.78074,1206764,907874,16514,4442,20035,257899,1511657,1150899,184773,84994,4355,19918,40296,7356,177,18889,8.133333333,5.466666667,2.733333333,1.194333333,105.1,2.766666667,5.633333333,2.1,82.1,79.0,85.2,36535.0,22991.25,25235.66667,9096.083333,13543.75,27355,61,291,27336,3.2,-0.2,0.1,3.2,43328,32,431,43327,15973,-30,140,15991,63.1,0.1,0.0,63.1,61.1,0.2,0.0,61.1,94.966,-0.247,0.476,95.0,99.324,-1.101,-1.656,99.8,104.213,-2.278,-18.062,104.6,99.513,0.0,9.875,99.5,90.989,0.0,5.276,91.0,91.119,-10.699,-12.406,94.7,91.763,0.183,2.96,91.7,103.5,1.3,-4.9,103.9,98,4,59,10,0
2015-10-01,32772,1681522,1939094,513922.9053,36892.95624,592221.4932,16.14403921,195.0836976,10.35829532,0,292,0,0,292,84,84,154,1931,14057.73647,1383704,1076153,18270,5404,7929,275948,1735308,1289621,233248,94559,5801,30776,51427,7213,276,22387,8.075,5.475,2.675,1.18875,105.075,2.775,5.6,2.1,82.1,79.0,85.2,36535.0,22991.25,25235.66667,9096.083333,13543.75,27358,3,250,27337,3.1,-0.1,-0.1,3.1,43357,29,428,43357,15998,25,177,16020,63.1,0.0,0.0,63.0,61.2,0.1,0.1,61.1,94.966,0.0,0.761,94.9,99.785,0.461,-1.156,99.6,103.184,-1.029,-17.335,103.1,99.513,0.0,9.875,99.5,90.989,0.0,5.217,91.0,91.306,0.187,-10.938,90.3,91.864,0.101,2.897,91.8,106.1,2.6,0.5,105.4,34,0,7,8,0
2015-11-01,30452,1570589,1900348,476268.1277,34159.61192,576152.7898,15.72867568,181.2834914,10.07049651,0,283,0,0,283,78,78,143,1793,13776.33378,1150074,911647,17211,5717,10109,205390,1626063,1202912,229941,90884,4738,21528,48958,6895,74,20133,8.016666667,5.483333333,2.616666667,1.183166667,105.05,2.783333333,5.566666667,2.1,82.1,79.0,85.2,36535.0,22991.25,25235.66667,9096.083333,13543.75,27298,-60,216,27207,3.0,-0.1,0.0,3.1,43386,29,419,43387,16088,90,202,16180,62.9,-0.2,-0.1,62.7,61.0,-0.2,-0.1,60.8,94.786,-0.18,0.771,94.9,99.685,-0.1,-0.818,99.8,102.018,-1.166,-15.895,101.9,99.513,0.0,9.875,99.5,90.989,0.0,5.217,91.0,88.604,-2.702,-9.862,90.5,91.864,0.0,2.585,91.9,106.7,0.6,3.3,105.4,128,2,51,35,0
2015-12-01,28076,1444946,1588373,435578.031,31497.72114,478691.4412,13.18756675,166.0179374,8.423611462,0,249,0,0,249,72,72,132,1654,11521.17551,1116450,901131,13806,3460,12273,185780,1781715,1324841,262802,95942,5099,16124,46732,7089,76,23010,7.958333333,5.491666667,2.558333333,1.177583333,105.025,2.791666667,5.533333333,2.1,82.1,79.0,85.2,36535.0,22991.25,25235.66667,9096.083333,13543.75,26965,-333,397,26965,3.2,0.2,-0.1,3.3,43418,32,414,43414,16453,365,17,16450,62.1,-0.8,0.3,62.1,60.1,-0.9,0.4,60.0,95.07,0.284,1.064,95.0,99.785,0.1,-1.017,100.3,100.601,-1.417,-13.764,100.2,99.513,0.0,9.875,99.5,91.122,0.133,5.35,91.2,91.672,3.068,-8.199,91.1,92.075,0.211,2.292,92.0,103.3,-3.4,1.6,103.5,30,4,14,1,0
2016-01-01,35200,1803279,1872911,535833.5868,39679.26162,556452.7763,15.5777043,202.6131281,10.03883988,0,303,0,2,301,90,90,165,2068,13583.17361,1077431,865064,15867,3316,9352,183832,2112337,1569061,312735,106726,5892,34841,52215,7082,42,23743,7.9,5.5,2.5,1.172,105.0,2.8,5.5,2.1,82.4,79.3,85.4,33853.58333,23402.25,23469.58333,8944.0,10451.33333,26631,-334,251,26840,3.7,0.5,0.0,3.9,43439,21,399,43443,16808,355,148,16602,61.3,-0.8,0.0,61.8,59.0,-1.1,0.0,59.3,95.232,0.162,0.589,95.3,101.527,1.742,0.191,100.3,98.05,-2.551,-8.189,98.2,99.513,0.0,7.894,99.5,91.361,0.239,5.465,91.3,93.08,1.408,-5.641,92.5,92.111,0.036,1.455,92.6,100.6,-2.7,-2.6,100.7,94,0,49,5,0
2016-02-01,28374,1452335,1515941,435420.8073,32027.43071,454230.0134,12.53199127,163.1550779,8.146761898,0,253,51,6,196,72,72,132,1670,10896.83476,1126250,849995,13629,2549,54122,205955,1876928,1398838,276202,100064,6323,21649,54341,4623,26,14862,7.825,5.508333333,2.408333333,1.162,105.1083333,2.8,5.475,2.1,82.4,79.3,85.4,33853.58333,23402.25,23469.58333,8944.0,10451.33333,26925,294,254,26896,4.9,1.2,0.4,4.3,43471,32,390,43472,16546,-262,136,16576,61.9,0.6,0.0,61.9,58.9,-0.1,-0.2,59.2,95.64,0.408,1.053,95.4,99.725,-1.802,-0.981,100.3,95.845,-2.205,-6.226,96.4,99.513,0.0,7.894,99.5,91.361,0.0,5.465,91.4,92.855,-0.225,-1.558,91.5,93.567,1.456,2.051,93.2,98.3,-2.3,-5.6,99.8,50,1,11,3,0
2016-03-01,28220,1443898,1555211,412495.2849,30183.28818,444256.4512,12.92483117,164.0032646,7.925604668,0,331,0,0,331,72,72,132,1656,11269.32975,1389399,1123465,16149,3445,22176,224164,1569162,1150388,234895,87958,4750,19446,45936,6131,54,19604,7.75,5.516666667,2.316666667,1.152,105.2166667,2.8,5.45,2.1,82.4,79.3,85.4,33853.58333,23402.25,23469.58333,8944.0,10451.33333,27133,208,293,27152,4.2,-0.7,0.2,4.3,43506,35,389,43505,16373,-173,96,16352,62.4,0.5,0.2,62.4,59.7,0.8,-0.1,59.7,95.393,-0.247,0.797,95.5,99.695,-0.03,-0.71,99.8,95.173,-0.672,-10.342,95.6,99.513,0.0,7.894,99.5,91.361,0.0,5.465,91.4,88.51,-4.345,-0.572,90.1,93.933,0.366,2.344,93.8,100.6,2.3,-1.4,100.4,51,5,14,19,0
2016-04-01,32930,1684787,1936143,491756.1994,35883.53062,564857.9932,16.08808739,191.8589981,10.05206844,0,386,0,3,383,84,84,154,1936,13999.63497,1469674,1214201,16162,4793,7352,227166,1636597,1214031,231953,90055,5100,25708,45997,6400,167,17186,7.675,5.525,2.225,1.142,105.325,2.8,5.425,2.1,82.4,79.3,85.4,33853.58333,23402.25,23469.58333,8944.0,10451.33333,27398,265,194,27383,3.9,-0.3,0.0,3.9,43537,31,380,43538,16138,-235,185,16155,62.9,0.5,-0.1,62.9,60.5,0.8,-0.1,60.4,95.573,0.18,0.948,95.5,99.865,0.17,-0.27,99.7,95.908,0.735,-9.586,96.2,99.513,0.0,7.894,99.5,91.361,0.0,5.465,91.4,88.848,0.338,-2.214,90.0,93.768,-0.165,2.197,93.6,102.3,1.7,-2.6,100.9,42,0,16,21,0
2016-05-01,30570,1564929,1848198,453004.9062,33438.60295,534697.5882,15.35290285,176.1432338,9.624425268,0,365,0,9,356,78,78,143,1802,13333.2383,1492680,1202692,17810,4844,13378,253956,1656728,1230134,228575,87043,5801,30237,46331,7483,228,20896,7.6,5.533333333,2.133333333,1.132,105.4333333,2.8,5.4,2.1,82.4,79.3,85.4,33853.58333,23402.25,23469.58333,8944.0,10451.33333,27617,219,164,27578,3.6,-0.3,-0.1,3.7,43571,34,377,43569,15955,-183,214,15991,63.4,0.5,-0.2,63.3,61.1,0.6,-0.1,61.0,95.63,0.057,0.74,95.6,99.545,-0.32,-0.54,99.7,97.504,1.596,-9.501,98.1,99.513,0.0,7.894,99.5,91.361,0.0,5.465,91.4,92.536,3.688,-1.023,90.8,93.109,-0.659,1.648,93.3,99.8,-2.5,-6.5,100.5,52,1,20,21,0
2016-06-01,28152,1441196,1658762,416507.5175,31081.19291,479438.843,13.80943352,160.8211321,8.72289116,0,332,0,2,330,72,72,132,1658,12002.08556,1554413,1277116,14938,4431,14653,243275,1778317,1337218,247050,87410,6461,28121,45601,8711,116,17629,7.525,5.541666667,2.041666667,1.122,105.5416667,2.8,5.375,2.1,82.4,79.3,85.4,33853.58333,23402.25,23469.58333,8944.0,10451.33333,27720,103,232,27691,3.6,0.0,-0.2,3.6,43600,29,368,43599,15880,-75,136,15908,63.6,0.2,0.0,63.5,61.3,0.2,0.1,61.2,95.611,-0.019,0.702,95.6,99.625,0.08,-0.1,100.0,100.948,3.444,-7.79,99.9,99.513,0.0,7.894,99.5,91.361,0.0,5.465,91.4,90.893,-1.643,-2.778,93.9,93.118,0.009,1.84,93.2,99.3,-0.5,0.5,100.2,29,0,4,2,0
2016-07-01,35396,1812105,1954514,531154.6998,39414.36972,573034.7992,16.17488593,202.1704495,10.36535135,0,427,0,14,413,90,90,165,2088,14037.10129,1703495,1405496,14633,4965,11716,266685,2086068,1580940,287054,92870,5907,37273,54485,9406,152,17981,7.45,5.55,1.95,1.112,105.65,2.8,5.35,2.1,82.4,79.3,85.4,33853.58333,23402.25,23469.58333,8944.0,10451.33333,27737,17,201,27716,3.5,-0.1,-0.1,3.6,43626,26,361,43626,15889,9,159,15910,63.6,0.0,0.0,63.5,61.3,0.0,0.0,61.3,95.431,-0.18,0.351,95.6,100.906,1.281,1.031,100.5,101.179,0.231,-7.128,100.7,99.513,0.0,0.0,99.6,91.361,0.0,0.708,91.4,98.411,7.518,-2.768,96.5,93.265,0.147,1.95,93.2,101.6,2.3,0.7,101.2,58,7,31,4,0
2016-08-01,28624,1465260,1543033,430954.561,31697.9619,453965.899,12.63682171,163.173479,8.136636946,0,353,0,24,329,72,72,132,1692,10943.49645,1664303,1312514,15957,4558,54211,277063,2064241,1560762,282194,94740,6204,41316,52612,8520,246,17647,7.375,5.558333333,1.858333333,1.102,105.7583333,2.8,5.325,2.1,82.4,79.3,85.4,33853.58333,23402.25,23469.58333,8944.0,10451.33333,27690,-47,396,27702,3.6,0.1,0.2,3.5,43652,26,356,43652,15962,73,-41,15950,63.4,-0.2,0.4,63.5,61.2,-0.1,0.3,61.2,95.677,0.246,0.464,95.8,100.966,0.06,0.541,101.0,99.898,-1.281,-6.593,100.2,99.723,0.21,0.21,99.7,91.547,0.186,0.558,91.5,100.241,1.83,-1.577,97.2,93.246,-0.019,1.666,93.3,102.6,1.0,0.4,102.2,40,0,31,1,0
2016-09-01,30950,1584143,1654399,458858.7596,33441.49781,479822.1345,13.57995817,178.4063378,8.517050958,0,357,52,24,281,78,78,143,1830,11755.02066,1523928,1199450,15556,4422,25300,279200,1904524,1437467,251799,91024,6357,48118,45155,7185,117,17302,7.3,5.566666667,1.766666667,1.092,105.8666667,2.8,5.3,2.1,82.4,79.3,85.4,33853.58333,23402.25,23469.58333,8944.0,10451.33333,27679,-11,324,27678,3.5,-0.1,0.3,3.5,43678,26,350,43678,15998,36,25,15999,63.4,0.0,0.3,63.4,61.1,-0.1,0.0,61.2,96.247,0.57,1.281,96.1,101.046,0.08,1.722,101.0,99.404,-0.494,-4.809,99.6,99.723,0.0,0.21,99.7,91.547,0.0,0.558,91.5,93.09,-7.151,1.971,95.3,93.512,0.266,1.749,93.5,102.5,-0.1,-1.0,102.6,317,15,40,230,0
2016-10-01,32750,1676365,2087166,482050.3274,35099.25723,599645.7812,17.42911912,192.2925308,10.64000459,0,408,0,0,408,84,84,154,1932,15119.66482,1587797,1303692,16982,5082,9069,252972,1865552,1380115,256212,94792,7133,47963,53042,8555,162,17578,7.225,5.575,1.675,1.082,105.975,2.8,5.275,2.1,82.4,79.3,85.4,33853.58333,23402.25,23469.58333,8944.0,10451.33333,27666,-13,308,27653,3.3,-0.2,0.2,3.3,43704,26,347,43704,16038,40,40,16051,63.3,-0.1,0.2,63.3,61.2,0.1,0.0,61.2,96.379,0.132,1.413,96.3,101.006,-0.04,1.221,100.7,99.53,0.126,-3.654,99.8,99.723,0.0,0.21,99.7,91.547,0.0,0.558,91.5,92.433,-0.657,1.127,91.4,93.851,0.339,1.987,93.7,102.8,0.3,-3.3,100.4,362,14,34,299,0
2016-11-01,27382,1402257,1881893,407771.3067,29869.11268,547166.2429,16.11777591,163.8281435,9.78269162,0,366,0,0,366,72,72,132,1656,13634.5717,1309055,1076471,16713,4906,11778,199187,1825701,1359314,257188,89427,5617,38259,52007,6623,267,16999,7.15,5.583333333,1.583333333,1.072,106.0833333,2.8,5.25,2.1,82.4,79.3,85.4,33853.58333,23402.25,23469.58333,8944.0,10451.33333,27613,-53,315,27497,3.1,-0.2,0.1,3.2,43730,26,344,43730,16117,79,29,16233,63.1,-0.2,0.2,62.9,61.2,0.0,0.2,60.9,96.237,-0.142,1.451,96.3,100.145,-0.861,0.46,100.6,100.57,1.04,-1.448,100.7,99.723,0.0,0.21,99.7,91.547,0.0,0.558,91.5,88.744,-3.689,0.14,91.0,93.796,-0.055,1.932,93.8,95.9,-6.9,-10.8,97.6,136,3,21,87,0
2016-12-01,25912,1332930,1588154,484150.9599,36072.87741,580410.1921,16.7907864,187.9339518,10.36015237,0,310,0,18,292,95,80,155,1518,14771.41477,1343398,1102769,13111,4156,17609,205753,2007035,1490076,293965,94679,4745,47693,51246,7018,95,17518,7.075,5.591666667,1.491666667,1.062,106.1916667,2.8,5.225,2.1,82.4,79.3,85.4,33853.58333,23402.25,23469.58333,8944.0,10451.33333,27211,-402,246,27237,3.2,0.1,0.0,3.3,43755,25,337,43758,16544,427,91,16522,62.2,-0.9,0.1,62.2,60.2,-1.0,0.1,60.2,96.342,0.105,1.272,96.6,100.796,0.651,1.011,100.8,101.945,1.375,1.344,102.6,99.723,0.0,0.21,100.0,91.547,0.0,0.425,91.8,91.926,3.182,0.254,92.1,93.722,-0.074,1.647,93.8,94.2,-1.7,-9.1,94.4,142,3,20,55,0
2017-01-01,26842,1378927,1400158,460694.2358,34454.99654,467686.1572,13.19125072,173.8517104,8.382169625,0,286,51,30,205,91,78,156,1595,11407.15941,1220695,978223,15248,3649,10378,213197,2343048,1742922,340393,103484,5846,69803,58974,5069,97,16460,7.0,5.6,1.4,1.052,106.3,2.8,5.2,2.1,82.7,79.7,85.7,29814.25,23794.5,22037.91667,8836.0,6019.75,26886,-325,255,27139,3.7,0.5,0.0,3.9,43790,35,351,43788,16904,360,96,16648,61.4,-0.8,0.1,62.0,59.1,-1.1,0.1,59.5,97.366,1.024,2.134,97.1,101.507,0.711,-0.02,101.4,105.189,3.244,7.139,104.5,100.497,0.774,0.984,100.2,92.183,0.636,0.822,92.0,95.68,3.754,2.6,94.0,93.942,0.22,1.831,94.2,93.2,-1.0,-7.4,93.9,107,2,41,13,0
2017-02-01,24120,1238852,1299845,420171.2736,31528.41268,440718.7581,12.57833877,159.9296469,7.927611155,0,252,0,0,252,84,72,144,1436,10861.20488,1252080,952948,13790,3003,59952,222387,2231269,1645754,327252,100910,6952,62767,67316,5447,236,14635,6.95,5.616666667,1.325,1.04575,106.225,2.8,5.183333333,2.1,82.7,79.7,85.7,29814.25,23794.5,22037.91667,8836.0,6019.75,27321,435,396,27262,4.9,1.2,0.0,4.2,43818,28,347,43818,16497,-407,-49,16556,62.4,1.0,0.5,62.2,59.3,0.2,0.4,59.6,97.632,0.266,1.992,97.5,101.887,0.38,2.162,101.8,106.229,1.04,10.384,105.9,100.497,0.0,0.984,100.5,92.183,0.0,0.822,92.2,94.394,-1.286,1.539,93.3,94.839,0.897,1.272,94.5,94.4,1.2,-3.9,94.9,49,6,14,11,0
2017-03-01,26996,1390852,1399381,435654.9437,32888.94146,438549.1754,13.07906443,172.1795992,7.973578717,0,325,0,0,325,91,91,169,1616,11257.71042,1233640,970389,16551,3312,28257,215131,1940542,1437212,288384,87011,3846,45428,55985,5703,48,16925,6.9,5.633333333,1.25,1.0395,106.15,2.8,5.166666667,2.1,82.7,79.7,85.7,29814.25,23794.5,22037.91667,8836.0,6019.75,27579,258,446,27604,4.1,-0.8,-0.1,4.4,43846,28,340,43845,16267,-230,-106,16241,62.9,0.5,0.5,63.0,60.3,1.0,0.6,60.2,97.565,-0.067,2.172,97.5,101.937,0.05,2.242,101.9,106.145,-0.084,10.972,105.7,100.497,0.0,0.984,100.5,92.183,0.0,0.822,92.2,89.814,-4.58,1.304,92.5,94.62,-0.219,0.687,94.6,97.0,2.6,-3.6,97.7,72,0,11,19,0
2017-04-01,29443,1519345,1643748,472689.1967,36196.70176,511014.5848,15.14259227,182.8210103,9.432198097,0,391,0,28,363,110,110,206,1789,12860.52483,1075899,854669,14903,5270,9359,191698,2003943,1492418,271919,90377,4496,56220,66503,5144,38,16828,6.85,5.65,1.175,1.03325,106.075,2.8,5.15,2.1,82.7,79.7,85.7,29814.25,23794.5,22037.91667,8836.0,6019.75,27911,332,513,27826,4.2,0.1,0.3,4.0,43871,25,334,43873,15960,-307,-178,16048,63.6,0.7,0.7,63.4,61.0,0.7,0.5,60.9,97.442,-0.123,1.869,97.5,101.967,0.03,2.102,101.9,104.864,-1.281,8.956,105.2,100.497,0.0,0.984,100.7,92.183,0.0,0.822,92.2,93.23,3.416,4.382,93.1,94.482,-0.138,0.714,94.4,101.8,4.8,-0.5,102.7,63,2,25,3,0
2017-05-01,25298,1305714,1430857,414954.2903,31441.83804,454774.9981,13.14874448,158.44645,8.315815468,0,349,0,30,319,96,96,180,1542,11132.76692,977889,738590,16530,4293,19819,198657,2003834,1485091,271320,89216,5164,57647,65276,5481,86,24553,6.8,5.666666667,1.1,1.027,106.0,2.8,5.133333333,2.1,82.7,79.7,85.7,29814.25,23794.5,22037.91667,8836.0,6019.75,27987,76,370,27993,3.6,-0.6,0.0,3.9,43902,31,331,43899,15916,-44,-39,15907,63.7,0.1,0.3,63.7,61.5,0.5,0.4,61.3,97.546,0.104,1.916,97.4,101.887,-0.08,2.342,101.8,104.475,-0.389,6.971,104.3,101.109,0.612,1.596,100.5,92.183,0.0,0.822,92.1,96.384,3.154,3.848,94.5,94.198,-0.284,1.089,94.3,109.2,7.4,9.4,107.9,77,2,27,6,0
2017-06-01,27392,1414434,1445164,450487.2301,33647.31164,460243.3873,13.28061324,174.0565237,8.283763188,0,351,0,32,319,104,104,195,1669,11254.27671,991802,775181,13259,4069,18636,180657,2098126,1573141,287950,86637,5753,64402,57440,5863,6,16934,6.75,5.683333333,1.025,1.02075,105.925,2.8,5.116666667,2.1,82.7,79.7,85.7,29814.25,23794.5,22037.91667,8836.0,6019.75,28081,94,361,28035,3.8,0.2,0.2,3.6,43924,22,324,43924,15844,-72,-36,15890,63.9,0.2,0.3,63.8,61.5,0.0,0.2,61.5,97.338,-0.208,1.727,97.5,101.627,-0.26,2.002,101.6,103.52,-0.955,2.572,103.3,100.0,-1.109,0.487,100.4,91.918,-0.265,0.557,92.0,93.887,-2.497,2.994,97.0,94.134,-0.064,1.016,94.2,112.6,3.4,13.3,111.5,52,0,9,13,0
2017-07-01,29700,1534597,1435224,487321.192,36705.37711,456533.9423,13.10139976,185.9085098,8.287818929,0,379,0,44,335,112,112,210,1821,11042.40008,1008671,782389,14145,5334,14278,192525,2389447,1793164,322647,94029,10081,80667,62795,7176,5,18883,6.7,5.7,0.95,1.0145,105.85,2.8,5.1,2.1,82.7,79.7,85.7,29814.25,23794.5,22037.91667,8836.0,6019.75,28037,-44,300,28007,3.4,-0.4,-0.1,3.6,43946,22,320,43946,15909,65,20,15939,63.8,-0.1,0.2,63.7,61.6,0.1,0.3,61.4,97.499,0.161,2.068,97.6,101.186,-0.441,0.28,101.1,101.997,-1.523,0.818,102.8,100.0,0.0,0.487,100.0,91.918,0.0,0.557,91.9,100.691,6.804,2.28,98.8,94.372,0.238,1.107,94.3,112.7,0.1,11.1,112.2,61,1,5,14,0
2017-08-01,25280,1307556,1306112,417251.2176,31880.04196,417275.9697,11.99009147,157.0815846,7.677348584,0,310,0,28,282,96,96,180,1540,10178.6113,1103506,817226,14129,5190,61676,205285,2385301,1792997,324089,93634,9312,82348,57500,8396,155,16870,6.65,5.716666667,0.875,1.00825,105.775,2.8,5.083333333,2.1,82.7,79.7,85.7,29814.25,23794.5,22037.91667,8836.0,6019.75,27903,-134,213,27961,3.6,0.2,0.0,3.4,43967,21,315,43967,16064,155,102,16006,63.5,-0.3,0.1,63.6,61.2,-0.4,0.0,61.4,98.058,0.559,2.381,97.9,100.596,-0.59,-0.37,100.9,102.995,0.998,3.097,103.2,100.0,0.0,0.277,100.0,91.918,0.0,0.371,92.0,101.893,1.202,1.652,99.1,94.4,0.028,1.154,94.5,111.3,-1.4,8.7,111.0,62,0,33,9,0
2017-09-01,29658,1538539,1560339,474782.3862,35555.43151,481050.4617,14.19654983,186.938147,8.678749458,0,375,47,47,281,104,104,194,1798,12148.42874,1078653,839415,13908,5367,24787,195176,2236500,1702043,286387,93333,9210,71585,49628,7896,82,16336,6.6,5.733333333,0.8,1.002,105.7,2.8,5.066666667,2.1,82.7,79.7,85.7,29814.25,23794.5,22037.91667,8836.0,6019.75,27943,40,264,27922,3.3,-0.3,-0.2,3.4,43987,20,309,43990,16044,-20,46,16068,63.5,0.0,0.1,63.5,61.4,0.2,0.3,61.3,98.172,0.114,1.925,98.1,100.926,0.33,-0.12,100.9,104.496,1.501,5.092,104.6,100.0,0.0,0.277,100.0,92.13,0.212,0.583,92.1,94.863,-7.03,1.773,97.9,94.62,0.22,1.108,94.6,108.9,-2.4,6.4,110.2,113,3,48,43,0
2017-10-01,27710,1439077,1484009,459492.8211,34272.62924,472622.1995,13.40692487,174.3318805,8.488526333,0,338,93,37,208,91,91,169,1675,11519.10836,1165638,899881,16146,5192,23411,221008,2231748,1655436,310958,96611,12354,79607,52704,7823,35,16220,6.55,5.75,0.725,0.99575,105.625,2.8,5.05,2.1,82.7,79.7,85.7,29814.25,23794.5,22037.91667,8836.0,6019.75,27920,-23,254,27917,3.2,-0.1,-0.1,3.2,44015,28,311,44014,16095,51,57,16097,63.4,-0.1,0.1,63.4,61.4,0.0,0.2,61.4,98.077,-0.095,1.698,97.9,101.176,0.25,0.17,100.9,106.187,1.691,6.657,106.0,100.0,0.0,0.277,100.0,92.13,0.0,0.583,92.1,97.041,2.178,4.608,94.9,94.693,0.073,0.842,94.6,110.5,1.6,7.7,111.1,41,0,16,6,0
2017-11-01,25468,1327459,1531124,408057.1647,30541.77051,470382.2013,13.83877755,160.3212549,8.473755431,0,306,0,28,278,84,84,156,1540,11929.38654,1093217,880745,15306,5873,14241,177052,2227747,1642112,323474,94971,8674,78837,58196,5569,171,15743,6.5,5.766666667,0.65,0.9895,105.55,2.8,5.033333333,2.1,82.7,79.7,85.7,29814.25,23794.5,22037.91667,8836.0,6019.75,27889,-31,276,27775,3.1,-0.1,0.0,3.2,44040,25,310,44038,16151,56,34,16263,63.3,-0.1,0.2,63.1,61.4,0.0,0.2,61.1,97.347,-0.73,1.11,97.7,100.596,-0.58,0.451,100.6,107.184,0.997,6.614,107.2,100.0,0.0,0.277,100.0,92.13,0.0,0.583,92.1,92.883,-4.158,4.139,95.3,94.574,-0.119,0.778,94.6,113.9,3.4,18.0,112.2,72,1,18,8,0
2017-12-01,31118,1631822,1761118,515838.027,38709.56933,556263.6925,16.18003698,199.9555742,10.01939789,0,349,0,21,328,105,105,195,1856,14229.66356,1134068,925938,13156,4338,17858,172778,2404942,1762142,359417,100325,11961,91890,56206,6658,25,16318,6.45,5.783333333,0.575,0.98325,105.475,2.8,5.016666667,2.1,82.7,79.7,85.7,29814.25,23794.5,22037.91667,8836.0,6019.75,27516,-373,305,27546,3.3,0.2,0.1,3.4,44060,20,305,44058,16543,392,-1,16511,62.5,-0.8,0.3,62.5,60.4,-1.0,0.2,60.4,97.698,0.351,1.356,97.7,99.965,-0.631,-0.831,100.3,108.108,0.924,6.163,108.0,100.0,0.0,0.277,100.0,92.13,0.0,0.583,92.1,95.943,3.06,4.017,95.6,94.674,0.1,0.952,94.9,112.3,-1.6,18.1,112.6,81,3,26,13,0
2018-01-01,24728,1302538,1276931,412316.93,30981.54972,404328.839,11.7636991,159.7034603,7.298296003,0,261,0,20,241,84,84,156,1466,10452.65068,956036,742732,14663,4126,13858,180657,2866780,2121881,416673,110379,14179,118809,65294,5036,21,14508,6.4,5.8,0.5,0.977,105.4,2.8,5.0,2.1,82.7,79.7,85.7,27235.16667,24901.66667,21468.5,9057.0,2333.5,27232,-284,346,27365,3.7,0.4,0.0,3.9,44073,13,283,44075,16840,297,-64,16709,61.8,-0.7,0.4,62.1,59.5,-0.9,0.4,59.7,98.106,0.408,0.74,98.2,100.445,0.48,-1.062,100.2,108.675,0.567,3.486,108.7,100.0,0.0,-0.497,100.0,92.112,-0.018,-0.071,92.1,98.11,2.167,2.43,98.0,95.507,0.833,1.565,95.7,111.6,-0.7,18.4,111.2,77,6,18,9,0
2018-02-01,24880,1312722,1284708,420721.3086,31187.71415,412030.1988,11.73999421,161.8973114,7.470231222,0,204,42,0,162,72,72,120,1450,10629.10109,1045415,790477,11323,3669,54618,185328,2311009,1691338,337662,93820,13159,95357,63938,3817,17,11901,6.358333333,5.791666667,0.466666667,0.972083333,105.4083333,2.791666667,4.975,2.108333333,82.7,79.7,85.7,27235.16667,24901.66667,21468.5,9057.0,2333.5,27348,116,27,27464,4.6,0.9,-0.3,4.3,44093,20,275,44089,16744,-96,247,16624,62.0,0.2,-0.4,62.3,59.2,-0.3,-0.1,59.6,98.855,0.749,1.223,98.6,100.095,-0.35,-1.792,100.5,109.284,0.609,3.055,109.0,100.0,0.0,-0.497,100.0,92.112,0.0,-0.071,92.1,99.819,1.709,5.425,97.8,96.78,1.273,1.941,96.2,109.8,-1.8,15.4,110.4,59,3,25,4,0
2018-03-01,28704,1513001,1515686,462030.3749,34688.19082,462670.799,14.02512221,186.4652232,8.477010389,0,266,0,0,266,84,84,140,1690,12556.31721,1366100,1085542,14678,4029,44090,217761,2252565,1656099,336047,91795,9893,86490,51114,6087,28,15012,6.316666667,5.783333333,0.433333333,0.967166667,105.4166667,2.783333333,4.95,2.116666667,82.7,79.7,85.7,27235.16667,24901.66667,21468.5,9057.0,2333.5,27811,463,232,27729,4.5,-0.1,0.4,4.4,44100,7,254,44105,16289,-455,22,16375,63.1,1.1,0.2,62.9,60.2,1.0,-0.1,60.1,98.751,-0.104,1.186,98.8,100.926,0.831,-1.011,100.7,108.958,-0.326,2.813,108.9,100.0,0.0,-0.497,100.0,92.112,0.0,-0.071,92.1,95.577,-4.242,5.763,97.0,96.24,-0.54,1.62,96.5,109.7,-0.1,12.7,109.4,42,2,7,6,0
2018-04-01,26612,1402917,1562367,430195.4562,32676.27131,478959.7394,14.47511941,171.1474956,8.875966503,0,273,0,0,273,78,78,130,1568,12951.28675,1331709,1091353,15462,5434,13556,205904,2230200,1627495,319401,96337,10017,86902,68418,6552,26,15052,6.275,5.775,0.4,0.96225,105.425,2.775,4.925,2.125,82.7,79.7,85.7,27235.16667,24901.66667,21468.5,9057.0,2333.5,28029,218,118,28008,4.1,-0.4,-0.1,4.2,44122,22,251,44121,16093,-196,133,16113,63.5,0.4,-0.1,63.5,60.9,0.7,-0.1,60.8,98.931,0.18,1.489,98.9,100.996,0.07,-0.971,101.1,108.318,-0.64,3.454,109.0,100.0,0.0,-0.497,100.0,92.112,0.0,-0.071,92.1,95.473,-0.104,2.243,96.8,96.405,0.165,1.923,96.3,108.7,-1.0,6.9,109.3,46,4,15,6,0
2018-05-01,24936,1315434,1496732,398894.7783,30423.54522,453445.6103,13.6439764,157.3560869,8.437229914,0,279,0,12,267,72,72,120,1468,12226.40179,1238021,991449,15568,5271,19532,206201,2331565,1704998,324254,99615,11764,103892,57935,9864,39,19204,6.233333333,5.766666667,0.366666667,0.957333333,105.4333333,2.766666667,4.9,2.133333333,82.7,79.7,85.7,27235.16667,24901.66667,21468.5,9057.0,2333.5,28184,155,197,28125,4.0,-0.1,0.4,3.9,44141,19,239,44141,15956,-137,40,16016,63.9,0.4,0.2,63.7,61.3,0.4,-0.2,61.2,98.979,0.048,1.433,98.9,101.356,0.36,-0.531,101.1,109.767,1.449,5.292,109.9,100.0,0.0,-1.109,100.0,92.112,0.0,-0.071,92.1,99.462,3.989,3.078,97.7,96.231,-0.174,2.033,96.2,109.6,0.9,0.4,108.4,79,1,7,16,0
2018-06-01,28702,1513665,1578531,473260.112,35723.279,493855.3782,14.60121538,185.4713928,9.092705922,0,308,0,1,307,84,84,140,1691,13069.85197,1282093,1055855,13647,4822,19732,188037,2323986,1729473,323154,87770,10816,96967,54290,6964,196,14356,6.191666667,5.758333333,0.333333333,0.952416667,105.4416667,2.758333333,4.875,2.141666667,82.7,79.7,85.7,27235.16667,24901.66667,21468.5,9057.0,2333.5,28161,-23,80,28156,3.7,-0.3,-0.1,3.8,44161,20,237,44163,16000,44,156,16007,63.8,-0.1,-0.1,63.8,61.4,0.1,-0.1,61.3,98.779,-0.2,1.441,98.8,100.846,-0.51,-0.781,100.5,111.73,1.963,8.21,111.1,100.0,0.0,0.0,100.0,92.112,0.0,0.194,92.1,98.223,-1.239,4.336,101.5,96.084,-0.147,1.95,96.1,106.9,-2.7,-5.7,106.2,93,1,21,13,0
2018-07-01,27182,1436244,1394284,446129.3812,33450.53989,433311.8622,12.61763866,173.4159769,7.936062628,0,221,0,7,214,65,65,104,1580,11473.58526,1254833,1030612,14602,5372,17020,187227,2495297,1853908,342418,90681,11793,116296,56159,8795,6,15241,6.15,5.75,0.3,0.9475,105.45,2.75,4.85,2.15,82.7,79.7,85.7,27235.16667,24901.66667,21468.5,9057.0,2333.5,28123,-38,86,28108,3.7,0.0,0.3,3.8,44187,26,241,44186,16064,64,155,16079,63.6,-0.2,-0.2,63.6,61.3,-0.1,-0.3,61.2,98.59,-0.189,1.091,98.9,99.364,-1.482,-1.822,99.8,111.877,0.147,9.88,112.0,100.0,0.0,0.0,100.0,92.112,0.0,0.194,92.1,106.848,8.625,6.157,104.2,96.011,-0.073,1.639,96.0,102.1,-4.8,-10.6,103.0,180,7,22,92,0
2018-08-01,27208,1437556,1402150,452172.721,34005.76723,441134.3964,12.67721766,172.9036804,8.108534173,0,223,0,7,216,65,65,104,1580,11536.80947,1391727,1100711,14347,5196,61752,209721,2519860,1859013,349430,88028,10757,125310,64656,8555,6,14105,6.108333333,5.741666667,0.266666667,0.942583333,105.4583333,2.741666667,4.825,2.158333333,82.7,79.7,85.7,27235.16667,24901.66667,21468.5,9057.0,2333.5,28039,-84,136,28080,4.0,0.3,0.4,3.8,44211,24,244,44212,16172,108,108,16131,63.4,-0.2,-0.1,63.5,60.9,-0.4,-0.3,61.1,99.462,0.872,1.404,99.4,99.224,-0.14,-1.372,99.3,112.496,0.619,9.501,112.5,100.0,0.0,0.0,100.0,92.112,0.0,0.194,92.1,107.599,0.751,5.706,105.3,96.038,0.027,1.638,96.1,100.1,-2.0,-11.2,101.1,79,5,36,15,0
2018-09-01,30004,1585170,1512656,477330.8153,35400.36952,456087.3986,13.36591525,188.7976368,8.26045542,0,267,39,44,184,70,70,112,1758,12052.90014,1278604,1013326,15785,5633,37268,206592,2225756,1676178,295922,79656,9895,89786,50863,6469,36,16951,6.066666667,5.733333333,0.233333333,0.937666667,105.4666667,2.733333333,4.8,2.166666667,82.7,79.7,85.7,27235.16667,24901.66667,21468.5,9057.0,2333.5,28079,40,136,28060,3.6,-0.4,0.3,3.7,44237,26,250,44237,16158,-14,114,16176,63.5,0.1,0.0,63.4,61.2,0.3,-0.2,61.1,100.221,0.759,2.049,99.9,99.364,0.14,-1.562,99.5,113.147,0.651,8.651,113.9,100.0,0.0,0.0,100.0,92.112,0.0,-0.018,92.1,101.489,-6.11,6.626,103.4,96.24,0.202,1.62,96.3,101.0,0.9,-7.9,100.4,73,6,47,20,0
2018-10-01,25824,1364876,1566246,405328.6952,30395.39954,464200.9325,13.76819976,160.0148682,8.504946247,0,247,0,48,199,60,60,96,1512,12428.21463,1527832,1269201,17118,5775,15180,220558,2347876,1727907,331933,92047,11594,106122,56226,7138,326,14583,6.025,5.725,0.2,0.93275,105.475,2.725,4.775,2.175,82.7,79.7,85.7,27235.16667,24901.66667,21468.5,9057.0,2333.5,28063,-16,143,28078,3.5,-0.1,0.3,3.4,44262,25,247,44261,16199,41,104,16183,63.4,-0.1,0.0,63.4,61.2,0.0,-0.2,61.3,100.041,-0.18,1.964,99.9,99.795,0.431,-1.381,99.4,115.993,2.846,9.806,113.9,100.0,0.0,0.0,100.0,92.112,0.0,-0.018,92.2,101.226,-0.263,4.185,100.5,96.496,0.256,1.803,96.5,100.2,-0.8,-10.3,99.3,60,0,12,18,0
2018-11-01,27960,1477340,1776621,435436.7318,32627.05127,523360.0148,15.62942606,173.491122,9.581611185,0,268,0,52,216,65,65,104,1636,14113.05125,1350390,1130709,15389,6359,16243,181690,2295810,1671958,326243,88193,11181,114275,62874,6079,1181,13826,5.983333333,5.716666667,0.166666667,0.927833333,105.4833333,2.716666667,4.75,2.183333333,82.7,79.7,85.7,27235.16667,24901.66667,21468.5,9057.0,2333.5,28092,29,203,27912,3.2,-0.3,0.1,3.4,44284,22,244,44287,16192,-7,41,16375,63.4,0.0,0.1,63.0,61.4,0.2,0.0,60.9,99.33,-0.711,1.983,99.5,99.154,-0.641,-1.442,99.5,112.675,-3.318,5.491,111.5,100.0,0.0,0.0,100.0,92.369,0.257,0.239,92.3,98.918,-2.308,6.035,100.5,96.707,0.211,2.133,96.8,96.6,-3.6,-17.3,98.2,132,3,24,95,0
2018-12-01,30156,1593082,1694698,475642.8158,35863.61428,505678.8413,14.89091457,185.7427114,9.302221442,0,288,0,56,232,70,70,112,1766,13435.66078,1324119,1112381,12965,5331,19162,174280,2495279,1811828,353122,88528,12631,148356,60818,5830,33,14133,5.941666667,5.708333333,0.133333333,0.922916667,105.4916667,2.708333333,4.725,2.191666667,82.7,79.7,85.7,27235.16667,24901.66667,21468.5,9057.0,2333.5,27582,-510,66,27710,3.4,0.2,0.1,3.7,44316,32,256,44306,16733,541,190,16596,62.2,-1.2,-0.3,62.5,60.1,-1.3,-0.3,60.2,98.988,-0.342,1.29,99.1,99.424,0.27,-0.541,99.3,105.725,-6.95,-2.383,106.3,100.0,0.0,0.0,100.0,92.369,0.0,0.239,92.4,101.254,2.336,5.311,100.0,97.119,0.412,2.445,97.2,97.8,1.2,-14.5,97.6,659,10,23,574,0
2019-01-01,25728,1359536,1319758,403632.0813,30393.85834,392063.0793,11.6518632,159.3730387,7.205804625,0,239,0,30,209,60,60,96,1500,10565.44442,1104803,884293,13675,4439,15995,186401,2912331,2117226,403835,99654,15186,195846,60278,5451,25,14830,5.9,5.7,0.1,0.918,105.5,2.7,4.7,2.2,83.3,80.3,86.3,25223.0,24592.5,19929.91667,9235.916667,630.5,27455,-127,223,27562,4.5,1.1,0.8,4.2,44319,3,246,44339,16864,131,24,16777,61.9,-0.3,0.1,62.1,59.2,-0.9,-0.3,59.6,98.884,-0.104,0.778,99.1,99.434,0.01,-1.011,99.4,100.444,-5.281,-8.231,102.0,100.0,0.0,0.0,100.0,92.581,0.212,0.469,92.9,99.837,-1.417,1.727,99.9,97.75,0.631,2.243,97.7,98.5,0.7,-13.1,99.0,75,1,28,7,0
2019-02-01,25668,1356386,1303534,415436.9236,31145.47764,399123.5586,11.5338997,160.0862533,7.307250995,0,212,32,30,150,60,60,96,1490,10501.66985,1201802,907928,13061,3789,64760,212264,2617946,1889599,366124,95195,16362,171737,64564,3521,29,10815,5.85,5.716666667,0.041666667,0.91125,105.4416667,2.683333333,4.658333333,2.191666667,83.3,80.3,86.3,25223.0,24592.5,19929.91667,9235.916667,630.5,27649,194,301,27702,4.7,0.2,0.1,4.5,44382,63,289,44370,16734,-130,-10,16669,62.3,0.4,0.3,62.4,59.4,0.2,0.2,59.7,99.311,0.427,0.456,99.1,99.264,-0.17,-0.831,99.3,99.824,-0.62,-9.46,100.4,100.0,0.0,0.0,100.0,93.731,1.15,1.619,93.9,98.495,-1.342,-1.324,97.6,98.336,0.586,1.556,98.1,100.6,2.1,-9.2,100.0,20,2,8,6,0
2019-03-01,32040,1693270,1748962,490845.4286,37046.18811,507581.7417,15.49766946,198.8208133,9.358321284,0,278,0,30,248,75,75,120,1860,14111.68429,1535641,1251744,16103,5139,45801,216854,2334153,1684173,331861,86736,11235,143546,56859,5427,20,14296,5.8,5.733333333,-0.016666667,0.9045,105.3833333,2.666666667,4.616666667,2.183333333,83.3,80.3,86.3,25223.0,24592.5,19929.91667,9235.916667,630.5,28002,353,191,27978,4.3,-0.4,-0.2,4.5,44409,27,309,44412,16408,-326,119,16434,63.1,0.8,0.0,63.0,60.4,1.0,0.2,60.2,99.121,-0.19,0.37,99.3,99.064,-0.2,-1.862,99.3,100.958,1.134,-8.0,101.5,100.0,0.0,0.0,100.0,95.455,1.724,3.343,95.0,94.375,-4.12,-1.202,96.7,98.345,0.009,2.105,98.3,100.8,0.2,-8.9,101.4,72,0,21,25,0
2019-04-01,25632,1354861,1537327,392676.7814,29692.10134,445529.9198,13.61518977,158.697461,8.228255086,0,223,0,24,199,60,60,96,1488,12398.52618,1635066,1382540,14794,6914,13523,217295,2246417,1624215,308571,85989,12090,130855,58479,10097,66,16055,5.75,5.75,-0.075,0.89775,105.325,2.65,4.575,2.175,83.3,80.3,86.3,25223.0,24592.5,19929.91667,9235.916667,630.5,28284,282,255,28251,4.4,0.1,0.3,4.2,44444,35,322,44438,16160,-248,67,16187,63.6,0.5,0.1,63.6,60.8,0.4,-0.1,60.9,99.481,0.36,0.55,99.4,99.464,0.4,-1.532,99.3,103.635,2.677,-4.683,104.3,100.0,0.0,0.0,100.0,95.791,0.336,3.679,96.0,97.322,2.947,1.849,96.6,98.309,-0.036,1.904,98.3,102.8,2.0,-5.9,100.8,56,3,25,12,0
2019-05-01,27752,1466774,1671525,426757.4199,32206.40279,486521.0397,14.81379923,172.2767525,8.970464583,0,241,0,26,215,65,65,104,1610,13497.79089,1485684,1233562,15020,6457,20702,209943,2401204,1742421,317227,94036,12882,148680,58426,7818,207,19507,5.7,5.766666667,-0.133333333,0.891,105.2666667,2.633333333,4.533333333,2.166666667,83.3,80.3,86.3,25223.0,24592.5,19929.91667,9235.916667,630.5,28468,184,284,28432,4.0,-0.4,0.0,4.1,44460,16,319,44466,15992,-168,36,16034,64.0,0.4,0.1,63.9,61.5,0.7,0.2,61.3,99.652,0.171,0.673,99.5,99.294,-0.17,-2.062,99.3,108.297,4.662,-1.47,107.0,100.0,0.0,0.0,100.0,96.87,1.079,4.758,96.5,98.129,0.807,-1.333,98.3,98.272,-0.037,2.041,98.3,98.9,-3.9,-10.7,100.1,54,0,3,18,0
2019-06-01,29942,1582215,1626322,476775.5854,35612.07753,490017.0675,14.39053997,187.4591015,8.941299857,0,262,0,28,234,70,70,112,1739,13094.7243,1476218,1237840,15006,7327,23818,192227,2495798,1832392,333483,86706,12848,160765,50123,5663,221,13597,5.65,5.783333333,-0.191666667,0.88425,105.2083333,2.616666667,4.491666667,2.158333333,83.3,80.3,86.3,25223.0,24592.5,19929.91667,9235.916667,630.5,28545,77,384,28498,4.0,0.0,0.3,4.0,44495,35,334,44495,15951,-41,-49,15998,64.2,0.2,0.4,64.1,61.6,0.1,0.2,61.5,99.491,-0.161,0.712,99.4,98.994,-0.3,-1.852,99.2,108.927,0.63,-2.803,108.0,100.0,0.0,0.0,100.0,96.914,0.044,4.802,96.9,99.387,1.258,1.164,100.5,98.245,-0.027,2.161,98.2,98.6,-0.3,-8.3,98.1,65,0,31,17,0
2019-07-01,25644,1355060,1331863,423551.4537,31103.59865,415714.8859,11.80213763,163.4469076,7.458725616,0,222,0,24,198,60,60,96,1488,10753.24643,1448067,1218767,14158,6463,19169,189510,2642585,1968903,348276,85434,12403,171440,37189,6155,99,12686,5.6,5.8,-0.25,0.8775,105.15,2.6,4.45,2.15,83.3,80.3,86.3,25223.0,24592.5,19929.91667,9235.916667,630.5,28480,-65,357,28414,3.9,-0.1,0.2,3.6,44530,35,343,44524,16050,99,-14,16110,64.0,-0.2,0.4,63.8,61.5,-0.1,0.2,61.5,99.187,-0.304,0.597,99.4,99.274,0.28,-0.09,99.0,106.816,-2.111,-5.061,107.5,100.0,0.0,0.0,100.0,96.967,0.053,4.855,97.0,104.032,4.645,-2.816,103.9,98.144,-0.101,2.133,98.2,96.9,-1.7,-5.2,96.3,73,6,26,17,0
2019-08-01,29920,1581549,1562505,492046.0552,36736.39474,485952.6432,13.83836637,187.5557286,8.862812139,0,260,0,28,232,70,70,112,1736,12611.35397,1586299,1251764,14575,6388,71128,242444,2427634,1830390,317645,76823,10510,152148,19089,6908,320,13801,5.55,5.816666667,-0.308333333,0.87075,105.0916667,2.583333333,4.408333333,2.141666667,83.3,80.3,86.3,25223.0,24592.5,19929.91667,9235.916667,630.5,28216,-264,177,28328,3.0,-0.9,-1.0,3.3,44546,16,335,44550,16330,280,158,16222,63.3,-0.7,-0.1,63.6,61.4,-0.1,0.5,61.5,99.425,0.238,-0.037,99.5,98.794,-0.48,-0.43,98.8,106.806,-0.01,-5.69,107.3,100.0,0.0,0.0,100.0,96.985,0.018,4.873,97.1,108.359,4.327,0.76,104.3,98.3,0.156,2.262,98.2,93.3,-3.6,-6.8,96.1,85,0,58,14,0
2019-09-01,27808,1469740,1444086,458759.4537,33534.08025,449944.2865,12.77472858,177.8748234,8.029990953,0,226,34,26,166,65,65,104,1616,11621.5958,1459664,1178421,16668,6903,39247,218425,2049830,1586266,257611,71236,8834,98857,10481,5301,59,11185,5.5,5.833333333,-0.366666667,0.864,105.0333333,2.566666667,4.366666667,2.133333333,83.3,80.3,86.3,25223.0,24592.5,19929.91667,9235.916667,630.5,28288,72,209,28292,3.1,0.1,-0.5,3.0,44573,27,336,44573,16285,-45,127,16281,63.5,0.2,0.0,63.5,61.5,0.1,0.3,61.5,99.794,0.369,-0.427,99.8,98.443,-0.351,-0.921,98.6,108.36,1.554,-4.787,108.1,100.0,0.0,0.0,100.0,97.232,0.247,5.12,97.9,100.485,-7.874,-1.004,102.5,98.162,-0.138,1.922,98.2,98.0,4.7,-3.0,97.0,102,1,56,66,0
2019-10-01,25648,1355628,1466501,417076.3908,30608.77388,451066.1178,12.97967835,163.543704,8.088175983,0,222,0,24,198,60,60,96,1488,11826.21581,1656195,1403576,16070,6944,17414,212191,2153847,1647874,276197,75357,11866,108574,11691,7789,44,14455,5.45,5.85,-0.425,0.85725,104.975,2.55,4.325,2.125,83.3,80.3,86.3,25223.0,24592.5,19929.91667,9235.916667,630.5,28373,85,310,28347,3.0,-0.1,-0.5,3.1,44601,28,339,44600,16228,-57,29,16253,63.6,0.1,0.2,63.6,61.7,0.2,0.5,61.6,100.041,0.247,0.0,99.8,98.503,0.06,-1.292,98.1,109.084,0.724,-6.909,108.8,100.0,0.0,0.0,100.0,99.461,2.229,7.349,98.7,98.739,-1.746,-2.487,98.8,98.226,0.064,1.73,98.3,99.7,1.7,-0.5,99.9,297,10,42,256,0
2019-11-01,27862,1473285,1761004,483108.7414,35319.33763,580053.7014,16.81862821,191.5202662,10.35760479,0,241,0,18,223,70,70,112,1609,15439.18475,1456429,1234503,16028,7115,21568,177215,2090192,1595171,275215,74786,9181,102799,14319,4826,80,13815,5.4,5.866666667,-0.483333333,0.8505,104.9166667,2.533333333,4.283333333,2.116666667,83.3,80.3,86.3,25223.0,24592.5,19929.91667,9235.916667,630.5,28380,7,288,28283,3.1,0.1,-0.1,3.2,44625,24,341,44629,16245,17,53,16346,63.6,0.0,0.2,63.4,61.7,0.0,0.3,61.4,99.481,-0.56,0.151,99.7,97.382,-1.121,-1.772,98.0,108.822,-0.262,-3.853,109.1,100.0,0.0,0.0,100.0,99.461,0.0,7.092,99.5,97.266,-1.473,-1.652,97.8,98.565,0.339,1.858,98.5,102.0,2.3,5.4,101.1,612,28,33,566,0
2019-12-01,27660,1461934,1620258,450039.9782,33269.11534,498008.6862,14.40443513,175.9088403,8.989711748,0,238,0,24,214,65,65,104,1606,13115.79621,1456888,1247337,13287,6332,22536,167396,2342310,1788478,317759,79798,10493,109424,17234,4356,46,14722,5.35,5.883333333,-0.541666667,0.84375,104.8583333,2.516666667,4.241666667,2.108333333,83.3,80.3,86.3,25223.0,24592.5,19929.91667,9235.916667,630.5,28095,-285,513,28142,3.4,0.3,0.0,3.5,44661,36,345,44650,16566,321,-167,16508,62.9,-0.7,0.7,63.0,60.8,-0.9,0.7,60.8,99.719,0.238,0.731,99.8,98.183,0.801,-1.241,98.6,109.305,0.483,3.58,109.4,100.0,0.0,0.0,100.0,99.461,0.0,7.092,99.6,97.454,0.188,-3.8,98.6,98.62,0.055,1.501,98.7,101.6,-0.4,3.8,103.0,61,0,23,18,0
2020-01-01,27832,1471118,1448925,456633.9906,33593.55845,449404.5928,12.80246325,176.7376952,8.072650734,0,201,35,0,166,65,65,104,1616,11657.02934,1272708,1030497,13149,5648,20593,202821,2513030,1925217,333111,81131,11459,129178,18930,3350,74,10580,5.3,5.9,-0.6,0.837,104.8,2.5,4.2,2.1,83.5,80.5,86.5,22694.75,25412.33333,17791.83333,8875.0,-2717.583333,27952,-143,497,28013,4.1,0.7,-0.4,3.9,44665,4,346,44675,16713,147,-151,16662,62.6,-0.3,0.7,62.7,60.0,-0.8,0.8,60.3,100.09,0.371,1.206,100.0,100.2,2.017,0.766,100.0,110.15,0.845,9.706,109.6,100.0,0.0,0.0,100.0,99.88,0.419,7.299,99.7,100.99,3.536,1.153,99.0,98.93,0.31,1.18,99.2,105.4,3.8,6.9,101.6,44,1,14,2,0
2020-02-01,27788,1468824,791268,457624.9943,32895.18839,246794.6949,7.009678013,180.9166471,4.344347527,0,217,0,0,217,65,65,104,1612,6387.466491,685212,503976,6957,3499,42065,128715,1046779,844188,112105,36751,2752,31214,11533,1366,70,6800,5.283333333,5.925,-0.641666667,0.834583333,104.825,2.491666667,4.166666667,2.091666667,83.5,80.5,86.5,22694.75,25412.33333,17791.83333,8875.0,-2717.583333,27991,39,342,27911,4.1,0.0,-0.6,4.1,44698,33,316,44692,16708,-5,-26,16781,62.6,0.0,0.3,62.5,60.0,0.0,0.6,59.8,100.16,0.07,0.849,100.1,101.5,1.3,2.236,100.1,109.31,-0.84,9.486,108.1,100.0,0.0,0.0,100.0,99.88,0.0,6.149,99.9,98.69,-2.3,0.195,98.3,99.99,1.06,1.654,99.5,97.9,-7.5,-2.7,94.2,59,1,13,26,0
2020-03-01,27112,1433720,345898,441984.681,31431.96147,105767.6983,3.143820758,182.8336446,1.839246188,0,211,0,0,211,65,65,104,1564,2881.580043,83497,31497,1177,824,14209,35790,143366,115338,7700,6785,154,23,4225,1148,28,7965,5.266666667,5.95,-0.683333333,0.832166667,104.85,2.483333333,4.133333333,2.083333333,83.5,80.5,86.5,22694.75,25412.33333,17791.83333,8875.0,-2717.583333,27789,-202,-213,27838,4.2,0.1,-0.1,4.2,44712,14,303,44712,16923,215,515,16874,62.2,-0.4,-0.9,62.3,59.5,-0.5,-0.9,59.6,99.94,-0.22,0.819,99.9,98.59,-2.91,-0.474,99.6,104.85,-4.46,3.892,103.9,100.0,0.0,0.0,100.0,99.88,0.0,4.425,99.9,95.22,-3.47,0.845,96.4,99.5,-0.49,1.155,99.6,79.3,-18.6,-21.5,82.9,68,6,13,5,1
2020-04-01,23376,1235760,472798,407061.2621,29028.76349,153517.9979,4.547925009,168.3011775,2.680867203,0,193,0,0,193,60,60,96,1352,4157.907407,29415,5135,283,296,7150,16551,31425,19122,37,8,3,2,3510,1066,65,7612,5.25,5.975,-0.725,0.82975,104.875,2.475,4.1,2.075,83.5,80.5,86.5,22694.75,25412.33333,17791.83333,8875.0,-2717.583333,27734,-55,-550,27911,4.2,0.0,-0.2,4.3,44725,13,281,44731,16991,68,831,16821,62.0,-0.2,-1.6,62.4,59.4,-0.1,-1.4,59.7,99.5,-0.44,0.019,99.6,98.58,-0.01,-0.884,98.7,97.65,-7.2,-5.985,98.5,100.0,0.0,0.0,100.0,99.88,0.0,4.089,99.9,95.33,0.11,-1.992,95.3,99.36,-0.14,1.051,99.4,71.5,-7.8,-31.3,76.4,35,1,6,7,1
2020-05-01,29220,1544910,917668,514738.0448,37162.9673,303250.9567,8.860834565,207.8099421,5.357667887,0,244,0,0,244,75,75,120,1690,8100.693837,30806,6111,435,253,2192,21815,37802,24535,9,22,25,1,3800,1239,78,8093,5.233333333,6.0,-0.766666667,0.827333333,104.9,2.466666667,4.066666667,2.066666667,83.5,80.5,86.5,22694.75,25412.33333,17791.83333,8875.0,-2717.583333,28209,475,-259,28075,4.5,0.3,0.5,4.3,44756,31,296,44752,16548,-443,556,16677,63.0,1.0,-1.0,62.7,60.2,0.8,-1.3,60.0,99.44,-0.06,-0.212,99.6,98.84,0.26,-0.454,98.8,93.02,-4.63,-15.277,95.6,100.0,0.0,0.0,100.0,99.88,0.0,3.01,99.9,95.31,-0.02,-2.819,95.5,99.32,-0.04,1.048,99.3,78.4,6.9,-20.5,77.5,34,0,1,7,1
2020-06-01,24996,1321745,835542,407427.9596,29426.19592,256175.0852,7.577146325,166.1537454,4.525028795,0,195,0,0,195,60,60,96,1442,6944.925128,36938,9744,604,510,1860,24220,48353,35740,21,50,26,40,3419,1092,100,7865,5.216666667,6.025,-0.808333333,0.824916667,104.925,2.458333333,4.033333333,2.058333333,83.5,80.5,86.5,22694.75,25412.33333,17791.83333,8875.0,-2717.583333,28283,74,-262,28245,4.3,-0.2,0.3,4.3,44775,19,280,44775,16492,-56,541,16530,63.2,0.2,-1.0,63.1,60.4,0.2,-1.2,60.4,99.71,0.27,0.219,99.6,98.88,0.04,-0.114,99.6,96.13,3.11,-12.797,95.9,100.0,0.0,0.0,100.0,99.88,0.0,2.966,99.9,95.71,0.4,-3.677,97.1,99.32,0.0,1.075,99.4,82.7,4.3,-15.9,82.1,45,0,26,0,1
2020-07-01,27652,1462160,1003247,435848.2273,32561.37292,298510.1111,8.927601201,174.0694296,5.443215564,0,206,0,0,206,65,65,104,1594,8188.791116,61012,12732,827,1298,1511,44644,65936,52040,46,42,151,31,3669,1124,90,8743,5.2,6.05,-0.85,0.8225,104.95,2.45,4.0,2.05,83.5,80.5,86.5,22694.75,25412.33333,17791.83333,8875.0,-2717.583333,28244,-39,-236,28159,4.0,-0.3,0.1,3.8,44795,20,265,44794,16551,59,501,16636,63.1,-0.1,-0.9,62.9,60.5,0.1,-1.0,60.4,99.63,-0.08,0.443,99.8,101.02,2.14,1.746,100.2,98.59,2.46,-8.226,97.9,100.0,0.0,0.0,100.0,100.08,0.2,3.113,100.0,100.4,4.69,-3.632,102.0,99.54,0.22,1.396,99.5,85.1,2.4,-11.8,85.6,46,0,35,2,1
2020-08-01,29804,1576054,941530,469927.116,35258.31751,281726.7424,8.368158993,186.8124905,5.190752167,0,229,0,0,229,70,70,112,1718,7676.387361,68797,8634,1187,1112,13719,44145,88888,75915,0,17,343,35,3555,1327,53,7643,5.183333333,6.075,-0.891666667,0.820083333,104.975,2.441666667,3.966666667,2.041666667,83.5,80.5,86.5,22694.75,25412.33333,17791.83333,8875.0,-2717.583333,27949,-295,-267,28068,3.1,-0.9,0.1,3.6,44813,18,267,44812,16864,313,534,16744,62.4,-0.7,-0.9,62.7,60.4,-0.1,-1.0,60.4,100.19,0.56,0.765,100.2,100.76,-0.26,1.966,100.7,98.86,0.27,-7.946,98.7,100.0,0.0,0.0,100.0,100.08,0.0,3.095,100.1,109.78,9.38,1.421,104.1,99.56,0.02,1.26,99.8,89.1,4.0,-4.2,84.8,47,0,28,7,1
2020-09-01,25536,1350836,579649,388514.6125,27830.94791,166186.5248,5.15426336,167.5610303,2.905888213,0,196,0,0,196,60,60,96,1472,4729.820333,65040,10619,1066,815,7889,44651,76798,63425,0,8,405,60,3487,1417,94,7902,5.166666667,6.1,-0.933333333,0.817666667,105.0,2.433333333,3.933333333,2.033333333,83.5,80.5,86.5,22694.75,25412.33333,17791.83333,8875.0,-2717.583333,28012,63,-276,28026,3.6,0.5,0.5,3.5,44829,16,256,44831,16817,-47,532,16806,62.5,0.1,-1.0,62.5,60.3,-0.1,-1.2,60.4,100.74,0.55,0.946,100.4,100.27,-0.49,1.827,100.6,98.51,-0.35,-9.85,98.3,100.0,0.0,0.0,100.0,100.13,0.05,2.898,100.1,102.21,-7.57,1.725,104.5,100.35,0.79,2.188,100.4,80.3,-8.8,-17.7,87.3,71,7,38,15,1
2020-10-01,29840,1578212,958859,476109.7825,34210.71592,286947.1697,8.513275644,194.7802483,5.05248298,0,213,33,0,180,70,70,112,1720,7811.216023,61585,11119,1265,681,2117,46403,71970,56794,103,44,550,118,3640,1571,644,8506,5.15,6.125,-0.975,0.81525,105.025,2.425,3.9,2.025,83.5,80.5,86.5,22694.75,25412.33333,17791.83333,8875.0,-2717.583333,28116,104,-257,28112,3.7,0.1,0.7,3.6,44852,23,251,44855,16736,-81,508,16743,62.7,0.2,-0.9,62.7,60.4,0.1,-1.3,60.5,100.18,-0.56,0.139,100.3,100.76,0.49,2.257,100.5,97.48,-1.03,-11.604,97.5,100.0,0.0,0.0,100.0,100.13,0.0,0.669,100.1,101.5,-0.71,2.761,101.7,101.24,0.89,3.014,100.9,92.6,12.3,-7.1,90.6,44,3,15,7,1
2020-11-01,27652,1462424,1032156,426641.1605,31570.80395,301159.9005,9.1803383,175.7383559,5.443730654,0,195,0,0,195,65,65,104,1594,8422.254495,61764,11514,1387,864,2851,45148,70686,56250,129,52,621,54,3471,1665,64,8380,5.133333333,6.15,-1.016666667,0.812833333,105.05,2.416666667,3.866666667,2.016666667,83.5,80.5,86.5,22694.75,25412.33333,17791.83333,8875.0,-2717.583333,28208,92,-172,27995,3.4,-0.3,0.3,3.7,44884,32,259,44884,16675,-61,430,16889,62.8,0.1,-0.8,62.4,60.7,0.3,-1.0,60.1,100.09,-0.09,0.609,100.2,100.61,-0.15,3.228,100.5,96.65,-0.83,-12.172,97.6,100.0,0.0,0.0,100.0,100.13,0.0,0.669,100.1,101.46,-0.04,4.194,102.1,101.24,0.0,2.675,101.4,99.0,6.4,-3.0,94.1,27,0,15,8,1
2020-12-01,25536,1350650,516540,387711.9746,28124.3692,147643.6729,4.593710972,165.4698452,2.612640986,0,195,0,0,195,60,60,96,1472,4214.761502,62344,11893,1172,771,2306,46202,80973,66406,150,15,852,73,3238,1421,33,8785,5.116666667,6.175,-1.058333333,0.810416667,105.075,2.408333333,3.833333333,2.008333333,83.5,80.5,86.5,22694.75,25412.33333,17791.83333,8875.0,-2717.583333,27661,-547,-434,27752,4.1,0.7,0.7,4.4,44916,32,255,44923,17255,580,689,17170,61.6,-1.2,-1.3,61.8,59.1,-1.6,-1.7,59.1,100.33,0.24,0.611,100.5,99.98,-0.63,1.797,100.4,98.79,2.14,-10.515,99.4,100.0,0.0,0.0,100.0,100.13,0.0,0.669,100.2,103.38,1.92,5.926,103.5,101.65,0.41,3.03,101.7,90.8,-8.2,-10.8,95.0,83,8,4,12,1
2021-01-01,31920,1688359,675495,491773.203,35059.65552,195998.9775,6.007788074,210.4304591,3.409840707,0,233,0,0,233,75,75,120,1840,5512.337652,58397,9035,1547,1036,2046,44733,86143,72043,116,45,331,52,3271,1520,48,8717,5.1,6.2,-1.1,0.808,105.1,2.4,3.8,2.0,83.6,80.6,86.6,21713.5,26473.33333,16042.25,8472.75,-4759.833333,27388,-273,-564,27589,5.7,1.6,1.6,4.9,44968,52,303,44957,17580,325,867,17368,60.9,-0.7,-1.7,61.4,57.4,-1.7,-2.6,58.4,101.04,0.71,0.95,101.0,100.72,0.74,0.52,100.5,102.85,4.06,-7.3,102.0,100.0,0.0,0.0,100.0,100.28,0.15,0.4,100.2,105.74,2.36,4.75,105.2,102.13,0.48,3.2,102.3,95.2,4.4,-10.2,94.5,46,0,22,0,1
2021-02-01,25572,1352436,706312,408404.5798,29120.10422,212325.5816,6.271969302,168.2309343,3.70541321,0,166,33,0,133,60,60,96,1474,5754.491671,65582,8500,1156,666,13164,42096,68213,55263,63,46,191,51,3322,1453,18,7806,5.083333333,6.291666667,-1.208333333,0.8055,105.0666667,2.391666667,3.791666667,1.983333333,83.6,80.6,86.6,21713.5,26473.33333,16042.25,8472.75,-4759.833333,27718,330,-273,27748,4.9,-0.8,0.8,5.0,44987,19,289,44987,17269,-311,561,17239,61.6,0.7,-1.0,61.7,58.6,1.2,-1.4,58.6,101.58,0.54,1.42,101.5,100.68,-0.04,-0.82,101.0,104.26,1.41,-5.05,104.6,100.0,0.0,0.0,100.0,100.28,0.0,0.4,100.3,106.38,0.64,7.69,104.9,103.03,0.9,3.04,103.0,97.4,2.2,-0.5,97.7,41,3,4,15,1
2021-03-01,25536,1350712,834890,392848.7597,28054.51788,242517.5833,7.423863572,168.0592874,4.22731423,0,185,0,0,185,60,60,96,1472,6811.831306,74604,11169,1386,837,9011,52201,73999,59701,82,51,182,57,3273,1705,85,8863,5.066666667,6.383333333,-1.316666667,0.803,105.0333333,2.383333333,3.783333333,1.966666667,83.6,80.6,86.6,21713.5,26473.33333,16042.25,8472.75,-4759.833333,28138,420,349,28072,4.3,-0.6,0.1,4.4,45007,20,295,45007,16869,-400,-54,16935,62.5,0.9,0.3,62.4,59.8,1.2,0.3,59.6,101.84,0.26,1.9,101.8,101.6,0.92,3.01,101.3,106.64,2.38,1.79,106.3,100.0,0.0,0.0,100.0,100.28,0.0,0.4,100.3,102.53,-3.85,7.31,104.5,103.8,0.77,4.3,103.7,100.6,3.2,21.3,100.2,74,0,0,6,1
2021-04-01,27716,1465770,971002,431460.9834,30727.11732,285056.6094,8.61986517,182.560173,4.959206525,0,207,0,0,207,65,65,104,1602,7889.37804,70112,11492,1635,829,3324,52832,71302,57285,86,25,179,164,3391,1755,32,8385,5.05,6.475,-1.425,0.8005,105.0,2.375,3.775,1.95,83.6,80.6,86.6,21713.5,26473.33333,16042.25,8472.75,-4759.833333,28361,223,627,28399,4.0,-0.3,-0.2,4.1,45027,20,302,45028,16667,-202,-324,16629,63.0,0.5,1.0,63.1,60.4,0.6,1.0,60.5,101.98,0.14,2.48,102.0,101.55,-0.05,2.97,101.4,108.06,1.42,10.41,107.6,100.0,0.0,0.0,100.0,100.28,0.0,0.4,100.3,104.44,1.91,9.11,104.1,104.29,0.49,4.93,104.3,102.5,1.9,31.0,102.9,15,1,7,0,1
2021-05-01,29804,1576364,1104996,469365.7561,33729.62024,328477.9755,9.821172679,194.8440095,5.765581248,0,219,0,0,219,70,70,112,1718,9011.170677,74463,15381,1482,1110,3678,52812,75416,57246,1391,2258,169,349,3435,1670,27,8871,5.033333333,6.566666667,-1.533333333,0.798,104.9666667,2.366666667,3.766666667,1.933333333,83.6,80.6,86.6,21713.5,26473.33333,16042.25,8472.75,-4759.833333,28698,337,489,28596,4.0,0.0,-0.5,3.9,45049,22,293,45048,16351,-316,-197,16452,63.7,0.7,0.7,63.5,61.2,0.8,1.0,61.0,102.05,0.07,2.61,102.0,101.14,-0.41,2.3,101.3,108.13,0.07,15.11,108.7,100.0,0.0,0.0,100.0,100.41,0.13,0.53,100.3,105.46,1.02,10.15,105.2,104.94,0.65,5.62,104.8,105.7,3.2,27.3,106.4,16,2,1,1,1
2021-06-01,25536,1350774,973204,402819.1685,29090.03991,289927.1878,8.651880271,166.2091941,5.11431008,0,188,0,0,188,60,60,96,1472,7939.132998,77029,17847,1586,1423,2771,53402,79446,64145,630,783,166,373,3341,1772,6,8230,5.016666667,6.658333333,-1.641666667,0.7955,104.9333333,2.358333333,3.758333333,1.916666667,83.6,80.6,86.6,21713.5,26473.33333,16042.25,8472.75,-4759.833333,28730,32,447,28665,3.8,-0.2,-0.5,3.7,45068,19,293,45069,16339,-12,-153,16404,63.7,0.0,0.5,63.6,61.3,0.1,0.9,61.3,102.05,0.0,2.34,102.1,101.17,0.03,2.29,101.3,109.85,1.72,13.72,110.2,100.0,0.0,0.0,100.0,100.24,-0.17,0.36,100.4,105.83,0.37,10.12,107.4,105.29,0.35,5.97,105.3,111.1,5.4,28.4,106.8,41,0,16,9,1
2021-07-01,29884,1580030,888456,461930.896,33349.45697,259371.0984,7.882643413,193.9494496,4.572049428,0,228,0,4,224,70,70,112,1728,7209.658684,83005,20297,1601,2418,2447,56242,101963,86000,870,950,237,173,3315,1972,22,8424,5.0,6.75,-1.75,0.793,104.9,2.35,3.75,1.9,83.6,80.6,86.6,21713.5,26473.33333,16042.25,8472.75,-4759.833333,28568,-162,324,28548,3.2,-0.6,-0.8,3.2,45090,22,295,45087,16522,183,-29,16540,63.4,-0.3,0.3,63.3,61.3,0.0,0.8,61.3,102.26,0.21,2.63,102.4,101.44,0.27,0.42,101.4,112.54,2.69,13.95,112.1,100.0,0.0,0.0,100.0,100.47,0.23,0.39,100.4,110.83,5.0,10.43,110.2,105.8,0.51,6.26,105.8,103.6,-7.5,18.5,105.9,53,0,24,16,1
2021-08-01,27860,1474700,763214,430384.4818,31045.24362,221945.0897,6.732382735,180.2629081,3.90719546,0,229,0,0,229,65,65,104,1620,6128.379544,97087,18452,2059,2741,22161,51674,137712,122707,420,875,241,185,3228,1760,34,8262,4.983333333,6.841666667,-1.858333333,0.7905,104.8666667,2.341666667,3.741666667,1.883333333,83.6,80.6,86.6,21713.5,26473.33333,16042.25,8472.75,-4759.833333,28346,-222,397,28451,2.6,-0.6,-0.5,2.8,45104,14,291,45106,16758,236,-106,16655,62.8,-0.6,0.4,63.1,61.2,-0.1,0.8,61.3,102.75,0.49,2.56,102.7,101.5,0.06,0.74,101.4,114.03,1.49,15.17,113.4,100.0,0.0,0.0,100.0,100.47,0.0,0.39,100.5,114.03,3.2,4.25,111.0,106.3,0.5,6.74,106.5,102.9,-0.7,13.8,103.6,66,2,40,13,1
2021-09-01,25764,1363764,776239,396300.8454,28051.85626,224844.8909,6.835195106,169.4980811,3.888262581,0,182,42,0,140,60,60,96,1498,6222.460061,89800,19611,1895,1725,11393,55176,116615,102263,611,1036,181,336,3038,2044,7,7099,4.966666667,6.933333333,-1.966666667,0.788,104.8333333,2.333333333,3.733333333,1.866666667,83.6,80.6,86.6,21713.5,26473.33333,16042.25,8472.75,-4759.833333,28439,93,427,28438,2.7,0.1,-0.9,2.7,45124,20,295,45125,16685,-73,-132,16688,63.0,0.2,0.5,63.0,61.3,0.1,1.0,61.3,103.17,0.42,2.43,103.1,101.27,-0.23,1.0,101.7,113.7,-0.33,15.19,114.7,100.0,0.0,0.0,100.0,100.47,0.0,0.34,100.5,108.1,-5.93,5.89,109.1,107.29,0.99,6.94,107.1,104.2,1.3,23.9,104.8,30,1,16,1,1
2021-10-01,32160,1702364,1287633,499516.4107,36066.70326,377449.2346,11.34725226,207.7956841,6.65226503,0,255,0,0,255,75,75,120,1870,10329.97977,92416,25698,2397,2193,2702,59426,124399,108640,671,1033,242,295,3281,1861,559,7817,4.95,7.025,-2.075,0.7855,104.8,2.325,3.725,1.85,83.6,80.6,86.6,21713.5,26473.33333,16042.25,8472.75,-4759.833333,28528,89,412,28498,2.8,0.1,-0.9,2.7,45148,24,296,45151,16620,-65,-116,16653,63.2,0.2,0.5,63.1,61.4,0.1,1.0,61.4,103.35,0.18,3.17,103.5,102.44,1.17,1.68,102.1,116.51,2.81,19.03,117.0,100.0,0.0,0.0,100.0,100.47,0.0,0.34,100.5,105.11,-2.99,3.61,106.7,107.69,0.4,6.45,107.7,107.4,3.2,14.8,106.6,32,2,10,2,1
2021-11-01,25728,1361792,1284344,402865.7934,29215.45421,379813.658,11.32047192,165.4881807,6.726914844,0,191,0,0,191,60,60,96,1496,10304.74514,94358,28734,2791,1876,3272,57685,147907,133790,591,722,179,92,3566,1589,40,7338,4.933333333,7.116666667,-2.183333333,0.783,104.7666667,2.316666667,3.716666667,1.833333333,83.6,80.6,86.6,21713.5,26473.33333,16042.25,8472.75,-4759.833333,28528,0,320,28445,2.6,-0.2,-0.8,3.0,45181,33,297,45178,16653,33,-22,16734,63.1,-0.1,0.3,63.0,61.5,0.1,0.8,61.1,103.87,0.52,3.78,103.8,102.57,0.13,1.96,102.8,120.73,4.22,24.08,117.7,100.0,0.0,0.0,100.0,100.47,0.0,0.34,100.5,106.89,1.78,5.43,107.5,107.97,0.28,6.73,108.0,108.3,0.9,9.3,106.7,48,1,26,5,1
2021-12-01,27860,1474638,1134901,432072.8695,31474.63332,332217.8562,10.0114999,178.487292,5.907436881,0,198,0,0,198,65,65,104,1620,9112.870712,90150,25630,1755,1831,4115,56819,139426,124360,820,1065,196,283,3072,1802,89,7739,4.916666667,7.208333333,-2.291666667,0.7805,104.7333333,2.308333333,3.708333333,1.816666667,83.6,80.6,86.6,21713.5,26473.33333,16042.25,8472.75,-4759.833333,28278,-250,617,28301,3.5,0.9,-0.6,3.4,45206,25,290,45196,16929,276,-326,16895,62.6,-0.5,1.0,62.6,60.4,-1.1,1.3,60.5,104.04,0.17,3.71,104.3,103.3,0.73,3.32,103.3,115.92,-4.81,17.13,117.3,100.0,0.0,0.0,100.0,100.66,0.19,0.53,100.7,110.42,3.53,7.04,109.7,108.47,0.5,6.82,108.8,104.4,-3.9,13.6,105.9,29,0,9,5,1
2022-01-01,29872,1581464,1034298,474789.9067,34109.52173,309335.9689,9.174812021,194.8838573,5.44142972,0,200,42,0,158,70,70,112,1724,8427.528783,81851,16961,2110,1957,2890,57933,147434,132290,938,1191,10,226,3279,1983,40,7477,4.9,7.3,-2.4,0.778,104.7,2.3,3.7,1.8,82.7,79.9,85.6,20765.5,31078.25,15974.16667,7769.333333,-10312.75,28096,-182,708,28243,4.1,0.6,-1.6,3.7,45200,-6,232,45206,17104,175,-476,16963,62.2,-0.4,1.3,62.5,59.6,-0.8,2.2,60.2,104.85,0.81,3.81,104.8,104.03,0.73,3.31,103.8,115.3,-0.62,12.45,116.7,100.0,0.0,0.0,100.0,100.88,0.22,0.6,100.8,111.82,1.4,6.08,111.2,109.99,1.52,7.86,109.7,105.0,0.6,9.8,104.3,85,1,16,44,1
2022-02-01,25728,1361792,819772,402301.2635,29281.97581,241585.9348,7.227453732,164.8992886,4.292755871,0,184,0,0,184,60,60,96,1496,6578.895161,99999,16512,2135,1222,25444,54686,112722,99385,855,1349,10,93,3179,1336,118,6397,4.866666667,7.266666667,-2.4,0.77325,104.7333333,2.316666667,3.708333333,1.8,82.7,79.9,85.6,20765.5,31078.25,15974.16667,7769.333333,-10312.75,28356,260,638,28360,3.4,-0.7,-1.5,3.5,45213,13,226,45211,16857,-247,-412,16851,62.7,0.5,1.1,62.7,60.6,1.0,2.0,60.5,105.42,0.57,3.84,105.5,104.17,0.14,3.49,104.1,118.99,3.69,14.73,121.6,100.0,0.0,0.0,100.0,100.88,0.0,0.6,100.9,111.34,-0.48,4.96,112.3,110.55,0.56,7.52,110.3,103.6,-1.4,6.2,104.1,15,0,6,1,1
2022-03-01,25728,1361792,830548,392641.379,28080.20998,238894.5174,7.324564557,167.8106395,4.172593231,0,183,0,0,183,60,60,96,1496,6667.202509,96768,22492,2284,1509,11651,58832,145503,130775,986,905,0,110,3418,1804,30,7475,4.833333333,7.233333333,-2.4,0.7685,104.7666667,2.333333333,3.716666667,1.8,82.7,79.9,85.6,20765.5,31078.25,15974.16667,7769.333333,-10312.75,28627,271,489,28642,3.0,-0.4,-1.3,3.1,45219,6,212,45222,16592,-265,-277,16580,63.3,0.6,0.8,63.3,61.4,0.8,1.6,61.4,106.1,0.68,4.26,106.1,104.24,0.07,2.64,104.1,130.55,11.56,23.91,128.0,100.0,0.0,0.0,100.0,100.88,0.0,0.6,100.7,113.69,2.35,11.16,114.5,110.38,-0.17,6.58,110.7,103.8,0.2,3.2,103.9,39,2,10,16,1
2022-04-01,30028,1589394,1376311,461089.9355,33243.81861,398834.2322,12.12787726,194.1840514,7.021926099,0,212,0,0,212,70,70,112,1746,11039.84229,127919,57448,3259,1960,3126,62126,215246,200450,1823,1018,0,37,3158,1606,67,7087,4.8,7.2,-2.4,0.76375,104.8,2.35,3.725,1.8,82.7,79.9,85.6,20765.5,31078.25,15974.16667,7769.333333,-10312.75,28942,315,581,28981,3.0,0.0,-1.0,3.0,45233,14,206,45232,16291,-301,-376,16251,64.0,0.7,1.0,64.1,62.1,0.7,1.7,62.2,106.83,0.73,4.85,106.8,103.86,-0.38,2.31,104.2,134.52,3.97,26.46,133.4,100.0,0.0,0.0,100.0,100.28,-0.6,0.0,100.5,118.54,4.85,14.1,118.3,111.02,0.64,6.73,110.9,104.4,0.6,1.9,103.8,15,0,3,1,1
2022-05-01,27860,1474700,1618490,426084.4045,31204.51784,467508.3567,14.26907697,177.5286464,8.360157121,0,208,0,0,208,65,65,104,1620,12989.18792,175922,89179,4926,3088,4854,73875,315945,298178,3418,924,0,243,3231,1862,934,7155,4.766666667,7.166666667,-2.4,0.759,104.8333333,2.366666667,3.733333333,1.8,82.7,79.9,85.6,20765.5,31078.25,15974.16667,7769.333333,-10312.75,29374,432,676,29227,3.0,0.0,-1.0,3.0,45245,12,196,45242,15871,-420,-480,16015,64.9,0.9,1.2,64.6,63.0,0.9,1.8,62.7,107.5,0.67,5.45,107.5,104.57,0.71,3.43,104.5,135.16,0.64,27.03,137.3,100.0,0.0,0.0,100.0,100.28,0.0,-0.13,100.3,122.6,4.06,17.14,122.6,111.19,0.17,6.25,111.5,103.2,-1.2,-2.5,101.4,41,1,17,7,1
2022-06-01,25728,1361792,1429347,398865.3141,29271.91746,418243.0299,12.59620316,163.5448087,7.493711998,0,189,0,0,189,60,60,96,1496,11466.1115,227713,133883,6674,2662,7215,77279,412798,389640,7835,1171,459,2010,3105,1505,9,7064,4.733333333,7.133333333,-2.4,0.75425,104.8666667,2.383333333,3.741666667,1.8,82.7,79.9,85.6,20765.5,31078.25,15974.16667,7769.333333,-10312.75,29366,-8,636,29350,3.0,0.0,-0.8,3.0,45249,4,181,45251,15882,11,-457,15900,64.9,0.0,1.2,64.9,62.9,-0.1,1.6,62.9,108.21,0.71,6.16,108.1,105.06,0.49,3.89,105.0,142.17,7.01,32.32,139.7,100.0,0.0,0.0,100.0,100.28,0.0,0.04,100.3,126.53,3.93,20.7,127.5,112.43,1.24,7.14,112.1,96.7,-6.5,-14.4,95.3,37,1,20,7,1
2022-07-01,32142,1701347,1702185,506509.4003,37265.53235,506633.6222,15.01296848,203.9382782,9.102509368,0,255,0,0,255,75,75,120,1869,13666.03288,263986,153171,8265,3986,10235,88329,674022,604879,42841,4183,1015,8962,3326,1783,11,7022,4.7,7.1,-2.4,0.7495,104.9,2.4,3.75,1.8,82.7,79.9,85.6,20765.5,31078.25,15974.16667,7769.333333,-10312.75,29311,-55,743,29234,2.9,-0.1,-0.3,2.7,45258,9,168,45259,15947,65,-575,16025,64.8,-0.1,1.4,64.6,62.9,0.0,1.6,62.9,108.73,0.52,6.47,108.5,105.41,0.35,3.97,105.4,141.79,-0.38,29.25,137.8,100.0,0.0,0.0,100.0,100.28,0.0,-0.19,100.3,133.22,6.69,22.39,132.1,112.69,0.26,6.89,112.6,85.9,-10.8,-17.7,90.4,89,4,12,33,1
2022-08-01,25512,1350332,1334406,410843.9823,30349.43422,405446.8156,11.86209036,162.4737583,7.311270864,0,208,0,0,208,60,60,96,1484,10793.4534,310945,159128,7900,3607,44854,95456,702153,622840,47261,9141,1171,9600,3533,1668,2,6937,4.666666667,7.066666667,-2.4,0.74475,104.9333333,2.416666667,3.758333333,1.8,82.7,79.9,85.6,20765.5,31078.25,15974.16667,7769.333333,-10312.75,29025,-286,679,29143,2.1,-0.8,-0.5,2.5,45270,12,166,45271,16246,299,-512,16128,64.1,-0.7,1.3,64.4,62.8,-0.1,1.6,62.8,108.63,-0.1,5.88,108.7,105.59,0.18,4.09,105.6,129.52,-12.27,15.49,132.6,100.0,0.0,0.0,100.0,100.28,0.0,-0.19,100.3,136.53,3.31,22.5,131.7,112.69,0.0,6.39,112.8,88.7,2.8,-14.2,88.7,75,2,34,5,1
2022-09-01,27698,1466167,1515904,437384.7528,31658.2854,451289.1523,13.4450404,179.5933871,7.979562289,0,199,42,0,157,65,65,104,1611,12236.03343,337638,213310,8528,3589,21701,90510,619954,559691,37030,8724,664,2666,2682,1310,2,7185,4.633333333,7.033333333,-2.4,0.74,104.9666667,2.433333333,3.766666667,1.8,82.7,79.9,85.6,20765.5,31078.25,15974.16667,7769.333333,-10312.75,29093,68,654,29076,2.4,0.3,-0.3,2.3,45284,14,160,45285,16191,-55,-494,16210,64.2,0.1,1.2,64.2,62.7,-0.1,1.4,62.7,108.82,0.19,5.65,108.9,105.67,0.08,4.4,106.1,126.37,-3.15,12.67,126.9,100.0,0.0,0.0,100.0,100.28,0.0,-0.19,100.3,125.35,-11.18,17.25,128.8,113.0,0.31,5.71,112.9,91.5,2.8,-12.7,89.7,74,18,22,7,1
2022-10-01,29992,1587484,1870696,470337.0544,34491.91231,553504.1034,16.49812213,190.9108784,9.90839777,0,240,0,6,234,70,70,112,1744,15017.30855,476097,360862,9314,3660,3924,98337,773480,668885,71579,15826,799,3553,3494,1762,78,7504,4.6,7.0,-2.4,0.73525,105.0,2.45,3.775,1.8,82.7,79.9,85.6,20765.5,31078.25,15974.16667,7769.333333,-10312.75,29110,17,582,29097,2.4,0.0,-0.4,2.4,45302,18,154,45301,16192,1,-428,16205,64.3,0.1,1.1,64.2,62.7,0.0,1.3,62.7,109.16,0.34,5.81,109.0,107.0,1.33,4.56,106.6,124.91,-1.46,8.4,125.5,100.0,0.0,0.0,100.0,100.23,-0.05,-0.24,100.4,124.45,-0.9,19.34,123.3,112.97,-0.03,5.28,113.0,88.8,-2.7,-18.6,88.9,108,3,12,15,1
2022-11-01,25512,1350332,1654162,402934.2039,29429.57785,493604.9249,14.7008599,164.2955108,8.801991476,0,197,0,0,197,60,60,96,1484,13376.63961,459906,341686,9855,4750,6313,97302,1041431,848800,126419,35388,3779,13007,3687,1795,45,8511,4.566666667,6.966666667,-2.4,0.7305,105.0333333,2.466666667,3.783333333,1.8,82.7,79.9,85.6,20765.5,31078.25,15974.16667,7769.333333,-10312.75,29087,-23,559,28957,2.3,-0.1,-0.3,2.6,45318,16,137,45317,16231,39,-422,16360,64.2,-0.1,1.1,63.9,62.7,0.0,1.2,62.2,109.07,-0.09,5.2,109.2,107.18,0.18,4.61,106.8,125.18,0.27,4.45,123.6,100.0,0.0,0.0,100.0,100.68,0.45,0.21,100.6,120.17,-4.28,13.28,122.5,112.89,-0.08,4.92,113.0,86.4,-2.4,-21.9,88.4,186,12,8,147,1
2022-12-01,30136,1595248,1767526,473014.1831,34519.30057,524016.2678,15.52645227,191.864716,9.330321606,0,247,0,10,237,70,70,112,1752,14136.43572,539273,434305,6920,3702,9988,84358,1393343,1107665,192723,39415,5497,33407,5760,1897,54,6925,4.533333333,6.933333333,-2.4,0.72575,105.0666667,2.483333333,3.791666667,1.8,82.7,79.9,85.6,20765.5,31078.25,15974.16667,7769.333333,-10312.75,28674,-413,396,28716,3.0,0.7,-0.5,3.0,45332,14,126,45334,16658,427,-271,16618,63.3,-0.9,0.7,63.4,61.3,-1.4,0.9,61.4,109.26,0.19,5.22,109.5,106.23,-0.95,2.93,106.5,120.82,-4.36,4.9,121.7,100.0,0.0,0.0,100.0,101.02,0.34,0.36,101.1,122.87,2.7,12.45,122.1,113.06,0.17,4.59,113.1,90.0,3.6,-14.4,89.0,198,9,15,130,1
2023-01-01,27806,1471835,1509485,449526.9889,32709.06061,460706.0274,13.33316975,178.6700899,8.183884434,0,205,42,4,159,65,65,104,1617,12136.04836,434429,312847,7645,4145,13674,96118,1782313,1406230,242040,55070,6860,55102,9016,1408,26,6561,4.5,6.9,-2.4,0.721,105.1,2.5,3.8,1.8,83.5,80.6,86.4,19169.0,29375.91667,16138.08333,7699.5,-10206.91667,28387,-287,291,28555,3.6,0.6,-0.5,3.2,45352,20,152,45346,16965,307,-139,16791,62.6,-0.7,0.4,63.0,60.3,-1.0,0.7,60.9,110.07,0.81,5.22,109.9,106.2,-0.03,2.17,105.8,119.03,-1.79,3.73,119.2,100.0,0.0,0.0,100.0,101.61,0.59,0.73,101.9,123.23,0.36,11.41,122.1,113.33,0.27,3.34,113.4,90.6,0.6,-14.4,90.2,69,0,12,24,0
2023-02-01,25512,1350394,1553840,403359.8234,29721.67159,463998.1469,13.81067078,162.8667785,8.351944362,0,189,0,0,189,60,60,96,1484,12567.14081,479248,319098,7383,3165,53111,96491,1724880,1336568,239658,55525,9064,62230,13354,1395,16,7070,4.516666667,6.908333333,-2.4,0.723416667,105.0916667,2.5,3.85,1.8,83.5,80.6,86.4,19169.0,29375.91667,16138.08333,7699.5,-10206.91667,28604,217,248,28685,3.1,-0.5,-0.3,3.2,45355,3,142,45358,16751,-214,-106,16673,63.1,0.5,0.4,63.3,61.1,0.8,0.5,61.2,110.33,0.26,4.91,110.3,105.07,-1.13,0.9,105.4,117.63,-1.4,-1.36,117.8,100.0,0.0,0.0,100.0,102.96,1.35,2.08,102.5,120.11,-3.12,8.77,120.6,113.92,0.59,3.37,113.8,90.0,-0.6,-13.6,90.8,44,3,5,23,0
2023-03-01,27626,1462223,1633388,426944.6605,31255.80978,476602.8589,14.52660234,177.5821915,8.521553687,0,211,0,0,211,65,65,104,1607,13217.63603,800575,627681,10543,4719,30743,126889,1472193,1142910,199184,55771,5619,46627,12932,1825,54,7271,4.533333333,6.916666667,-2.4,0.725833333,105.0833333,2.5,3.9,1.8,83.5,80.6,86.4,19169.0,29375.91667,16138.08333,7699.5,-10206.91667,29063,459,436,28968,2.9,-0.2,-0.1,2.9,45367,12,148,45365,16304,-447,-288,16397,64.1,1.0,0.8,63.9,62.2,1.1,0.8,62.0,110.52,0.19,4.42,110.5,104.99,-0.08,0.75,105.2,116.73,-0.9,-13.82,117.6,100.0,0.0,0.0,100.0,102.96,0.0,2.08,103.0,118.59,-1.52,4.9,117.8,114.17,0.25,3.79,114.3,91.9,1.9,-11.9,92.3,76,2,19,11,0
2023-04-01,29776,1576024,1831775,468841.8521,34360.22785,544505.5476,16.27500284,191.0271084,9.74543685,0,220,0,0,220,70,70,112,1732,14809.17262,888776,736870,9945,5603,6461,129897,1497105,1184035,182366,60906,6529,38651,15526,1870,17,7205,4.55,6.925,-2.4,0.72825,105.075,2.5,3.95,1.8,83.5,80.6,86.4,19169.0,29375.91667,16138.08333,7699.5,-10206.91667,29236,173,294,29307,2.8,-0.1,-0.2,2.8,45372,5,139,45373,16135,-169,-156,16065,64.4,0.3,0.4,64.6,62.7,0.5,0.6,62.8,110.77,0.25,3.94,110.8,105.51,0.52,1.65,105.4,118.52,1.79,-16.0,117.8,100.0,0.0,0.0,100.0,102.96,0.0,2.68,103.0,114.84,-3.75,-3.7,115.7,114.8,0.63,3.78,114.6,95.1,3.2,-9.3,95.0,52,4,16,12,0
2023-05-01,25512,1350332,1611120,404207.2783,29764.4675,481505.5168,14.31913861,162.9837256,8.656263565,0,188,0,0,188,60,60,96,1484,13029.26868,867130,691789,11518,6162,15265,142396,1683022,1340306,193001,68612,6417,44789,20331,2238,10,7318,4.566666667,6.933333333,-2.4,0.730666667,105.0666667,2.5,4.0,1.8,83.5,80.6,86.4,19169.0,29375.91667,16138.08333,7699.5,-10206.91667,29623,387,249,29492,2.7,-0.1,-0.3,2.7,45379,7,134,45378,15756,-379,-115,15885,65.3,0.9,0.4,65.0,63.5,0.8,0.5,63.2,111.13,0.36,3.63,111.0,105.56,0.05,0.99,105.4,118.03,-0.49,-17.13,117.0,100.0,0.0,0.0,100.0,102.96,0.0,2.68,103.2,113.62,-1.22,-8.98,114.2,114.83,0.03,3.64,114.8,98.1,3.0,-5.1,98.0,38,2,24,1,0
2023-06-01,27626,1462285,1678704,438168.6043,31972.9822,502554.3092,14.92506953,178.1610458,8.954923283,0,221,0,0,221,65,65,104,1607,13580.94634,960638,789269,9819,5513,16299,139738,1771962,1395722,198457,66859,6398,60022,28027,1781,202,14494,4.583333333,6.941666667,-2.4,0.733083333,105.0583333,2.5,4.05,1.8,83.5,80.6,86.4,19169.0,29375.91667,16138.08333,7699.5,-10206.91667,29618,-5,252,29578,2.7,0.0,-0.3,2.7,45383,4,134,45387,15765,9,-117,15809,65.3,0.0,0.4,65.2,63.5,0.0,0.6,63.4,111.16,0.03,2.95,111.2,105.06,-0.5,0.0,105.6,114.51,-3.52,-27.66,115.5,100.0,0.0,0.0,100.0,103.72,0.76,3.44,104.4,114.02,0.4,-12.51,115.1,114.88,0.05,2.45,114.9,100.8,2.7,4.1,100.8,130,4,31,94,0
2023-07-01,29344,1553104,1688805,481917.6657,34911.90436,523491.5345,15.2238921,193.3015201,9.269144754,0,222,0,0,222,70,70,112,1708,13842.36833,1032188,853340,10328,6730,18504,143286,2153857,1691737,246590,74734,7646,89816,33505,1948,0,7881,4.6,6.95,-2.4,0.7355,105.05,2.5,4.1,1.8,83.5,80.6,86.4,19169.0,29375.91667,16138.08333,7699.5,-10206.91667,29493,-125,182,29454,2.7,0.0,-0.2,2.5,45399,16,141,45399,15907,142,-40,15945,65.0,-0.3,0.2,64.9,63.2,-0.3,0.3,63.3,111.29,0.13,2.56,111.6,106.06,1.0,0.65,105.7,114.0,-0.51,-27.79,116.3,100.0,0.0,0.0,100.0,106.64,2.92,6.36,107.3,117.79,3.77,-15.43,117.8,115.1,0.22,2.41,115.1,103.5,2.7,17.6,102.6,132,5,9,95,0
2023-08-01,25512,1350332,1519750,415866.5953,30514.13375,467634.0399,13.50920978,163.5628303,8.3774451,0,191,0,0,191,60,60,96,1484,12292.20696,1089133,839458,10270,5354,70603,163448,2093236,1636944,237485,71986,6602,96737,33806,1965,1,7710,4.616666667,6.958333333,-2.4,0.737916667,105.0416667,2.5,4.15,1.8,83.5,80.6,86.4,19169.0,29375.91667,16138.08333,7699.5,-10206.91667,29251,-242,226,29368,2.0,-0.7,-0.1,2.3,45415,16,145,45415,16163,256,-83,16047,64.4,-0.6,0.3,64.7,63.1,-0.1,0.3,63.2,112.28,0.99,3.65,112.1,106.04,-0.02,0.45,105.9,120.34,6.34,-9.18,119.2,100.0,0.0,0.0,100.0,111.65,5.01,11.37,110.1,121.55,3.76,-14.98,118.7,115.17,0.07,2.48,115.2,103.4,-0.1,14.7,102.2,117,26,21,45,0
2023-09-01,29016,1532930,1730278,474761.7008,34312.03006,539398.9856,15.94494594,193.7589455,9.515121456,0,242,26,1,215,70,70,112,1732,14167.65458,1098034,901891,9753,6385,34234,145771,2017157,1588497,219042,77079,6732,86043,29550,2375,53,7786,4.633333333,6.966666667,-2.4,0.740333333,105.0333333,2.5,4.2,1.8,83.5,80.6,86.4,19169.0,29375.91667,16138.08333,7699.5,-10206.91667,29359,108,266,29333,2.3,0.3,-0.1,2.1,45431,16,147,45433,16071,-92,-120,16099,64.6,0.2,0.4,64.6,63.2,0.1,0.5,63.2,112.85,0.57,4.03,112.8,105.53,-0.51,-0.14,106.6,123.33,2.99,-3.04,122.8,100.0,0.0,0.0,101.7,111.91,0.26,11.63,112.5,116.88,-4.67,-8.47,119.7,115.25,0.08,2.25,115.3,99.8,-3.6,8.3,100.5,503,11,106,441,0
2023-10-01,28494,1504603,1823506,444628.6246,32310.05683,538047.5269,15.7557643,178.8993013,9.541075536,0,207,13,0,194,65,65,104,1713,13838.93715,1229899,1009849,12852,6723,16956,183519,2042703,1573606,239377,78644,8334,92378,39815,2657,54,7838,4.65,6.975,-2.4,0.74275,105.025,2.5,4.25,1.8,83.5,80.6,86.4,19169.0,29375.91667,16138.08333,7699.5,-10206.91667,29390,31,280,29375,2.1,-0.2,-0.3,2.2,45452,21,150,45453,16062,-9,-130,16078,64.7,0.1,0.4,64.6,63.3,0.1,0.6,63.2,113.27,0.42,4.11,112.9,108.08,2.55,1.08,106.9,124.72,1.39,-0.19,122.9,105.11,5.11,5.11,103.4,113.92,2.01,13.69,113.3,120.71,3.83,-3.74,118.6,115.36,0.11,2.39,115.4,98.2,-1.6,9.4,98.4,81,0,7,18,0
2023-11-01,26280,1387832,1776440,405666.1299,29403.27436,519086.9481,15.36040154,165.5523813,9.181769531,0,196,0,0,196,60,60,96,1580,13492.10205,1114990,933033,11108,6858,16768,147223,2061646,1562719,258694,78119,8735,105385,35781,2877,63,9273,4.666666667,6.983333333,-2.4,0.745166667,105.0166667,2.5,4.3,1.8,83.5,80.6,86.4,19169.0,29375.91667,16138.08333,7699.5,-10206.91667,29375,-15,288,29267,2.3,0.2,0.0,2.6,45476,24,158,45478,16101,39,-130,16210,64.6,-0.1,0.4,64.4,63.1,-0.2,0.4,62.7,112.68,-0.59,3.61,112.9,107.09,-0.99,-0.09,107.2,120.76,-3.96,-4.42,120.8,105.11,0.0,5.11,105.1,114.07,0.15,13.39,114.0,118.26,-2.45,-1.91,119.2,115.48,0.12,2.59,115.4,97.2,-1.0,10.8,98.4,59,15,6,7,0
2023-12-01,32850,1733984,2030693,506435.5857,36883.95922,591764.8464,17.56352275,205.999422,10.51129116,0,239,0,0,239,75,75,120,1975,15420.67537,1036625,865774,8642,5272,21362,135575,2415767,1830043,313388,85313,9581,129187,36433,3927,37,7858,4.683333333,6.991666667,-2.4,0.747583333,105.0083333,2.5,4.35,1.8,83.5,80.6,86.4,19169.0,29375.91667,16138.08333,7699.5,-10206.91667,29037,-338,363,29076,3.3,1.0,0.3,3.1,45505,29,173,45498,16468,367,-190,16423,63.8,-0.8,0.5,63.9,61.7,-1.4,0.4,61.9,112.73,0.05,3.47,112.9,106.47,-0.62,0.24,106.9,116.85,-3.91,-3.97,117.3,105.11,0.0,5.11,105.5,114.07,0.0,13.05,114.3,118.72,0.46,-4.15,118.7,115.5,0.02,2.44,115.8,99.7,2.5,9.7,99.5,84,2,25,24,0
2024-01-01,26280,1385414,1512083,406493.4871,29521.67683,443227.2906,13.0988053,165.2293311,7.856453868,0,185,0,0,185,60,60,96,1580,11485.45549,880881,696840,10204,4507,18077,151253,2770866,2124318,342786,88687,12704,151784,39664,3086,70,7767,4.7,7.0,-2.4,0.75,105.0,2.5,4.4,1.8,83.5,80.6,86.4,19858.33333,29866.66667,18534.33333,7595.916667,-10008.33333,28815,-222,428,28936,3.7,0.4,0.1,3.4,45514,9,162,45515,16699,231,-266,16578,63.3,-0.5,0.7,63.6,61.0,-0.7,0.7,61.4,113.17,0.44,3.1,113.2,107.05,0.58,0.85,107.5,114.32,-2.53,-4.71,115.9,106.14,1.03,6.14,105.8,114.78,0.71,13.17,114.5,119.16,0.44,-4.07,119.0,116.36,0.86,3.03,116.4,101.6,1.9,11.0,101.1,40,0,20,1,0
2024-02-01,26352,1389358,1566682,410021.661,29920.49861,461722.6045,13.53342415,164.4537629,8.226019563,0,177,39,0,138,60,60,96,1584,11870.27309,1030244,773941,9140,3935,70773,172455,2512109,1904439,308710,84892,12264,150173,42567,2330,16,6718,4.7,7.0,-2.4,0.75,105.0,2.5,4.4,1.8,83.5,80.6,86.4,19858.33333,29866.66667,18534.33333,7595.916667,-10008.33333,28957,142,353,29020,3.2,-0.5,0.1,3.3,45525,11,170,45523,16568,-131,-183,16503,63.6,0.3,0.5,63.7,61.6,0.6,0.5,61.7,113.78,0.61,3.45,113.6,109.02,1.97,3.95,108.3,116.53,2.21,-1.1,116.2,106.14,0.0,6.14,106.1,114.78,0.0,11.82,114.8,119.11,-0.05,-1.0,117.7,117.28,0.92,3.36,116.9,101.9,0.3,11.9,101.4,90,3,44,4,0
2024-03-01,32850,1732000,2009616,500104.9753,36444.86076,580005.3284,17.40800364,205.8718944,10.31592565,0,232,0,0,232,75,75,120,1975,15265.82219,1491748,1223899,11372,6317,52040,198120,2141992,1604745,288168,70249,8317,127895,31937,2893,117,7671,4.7,7.0,-2.4,0.75,105.0,2.5,4.4,1.8,83.5,80.6,86.4,19858.33333,29866.66667,18534.33333,7595.916667,-10008.33333,29288,331,225,29274,3.0,-0.2,0.1,3.1,45529,4,162,45531,16242,-326,-62,16257,64.3,0.7,0.2,64.3,62.4,0.8,0.2,62.3,113.95,0.17,3.43,113.9,108.85,-0.17,3.86,109.1,117.67,1.14,0.94,117.9,106.14,0.0,6.14,106.1,114.78,0.0,11.82,114.8,114.71,-4.4,-3.88,116.6,117.01,-0.27,2.84,117.2,100.7,-1.2,8.8,101.1,61,0,18,2,0
2024-04-01,0,1385724,0,0.0,0.0,0.0,0.0,0.0,10.19244238,0,0,0,0,0,0,0,0,1580,0.0,0,0,0,0,0,0,0,0,0,0,0,0,0,0,0,0,4.7,7.0,-2.4,0.75,105.0,2.5,4.4,1.8,83.5,80.6,86.4,19858.33333,29866.66667,18534.33333,7595.916667,-10008.33333,0,0,0,0,0.0,0.0,0.0,0.0,0,0,0,0,0,0,0,0,0.0,0.0,0.0,0.0,0.0,0.0,0.0,0.0,0.0,0.0,0.0,0.0,0.0,0.0,0.0,0.0,0.0,0.0,0.0,0.0,0.0,0.0,0.0,0.0,0.0,0.0,0.0,0.0,0.0,0.0,0.0,0.0,0.0,0.0,0.0,0.0,0.0,0.0,0.0,0.0,91,2,21,12,0
2024-05-01,0,1389844,0,0.0,0.0,0.0,0.0,0.0,9.103269096,0,0,0,0,0,0,0,0,1580,0.0,0,0,0,0,0,0,0,0,0,0,0,0,0,0,0,0,4.7,7.0,-2.4,0.75,105.0,2.5,4.4,1.8,83.5,80.6,86.4,19858.33333,29866.66667,18534.33333,7595.916667,-10008.33333,0,0,0,0,0.0,0.0,0.0,0.0,0,0,0,0,0,0,0,0,0.0,0.0,0.0,0.0,0.0,0.0,0.0,0.0,0.0,0.0,0.0,0.0,0.0,0.0,0.0,0.0,0.0,0.0,0.0,0.0,0.0,0.0,0.0,0.0,0.0,0.0,0.0,0.0,0.0,0.0,0.0,0.0,0.0,0.0,0.0,0.0,0.0,0.0,0.0,0.0,45,2,24,6,0
2024-06-01,0,1389844,0,0.0,0.0,0.0,0.0,0.0,9.401928815,0,0,0,0,0,0,0,0,1580,0.0,0,0,0,0,0,0,0,0,0,0,0,0,0,0,0,0,4.7,7.0,-2.4,0.75,105.0,2.5,4.4,1.8,83.5,80.6,86.4,19858.33333,29866.66667,18534.33333,7595.916667,-10008.33333,0,0,0,0,0.0,0.0,0.0,0.0,0,0,0,0,0,0,0,0,0.0,0.0,0.0,0.0,0.0,0.0,0.0,0.0,0.0,0.0,0.0,0.0,0.0,0.0,0.0,0.0,0.0,0.0,0.0,0.0,0.0,0.0,0.0,0.0,0.0,0.0,0.0,0.0,0.0,0.0,0.0,0.0,0.0,0.0,0.0,0.0,0.0,0.0,0.0,0.0,91,0,16,2,0
2024-07-01,0,1389844,0,0.0,0.0,0.0,0.0,0.0,9.716150286,0,0,0,0,0,0,0,0,1580,0.0,0,0,0,0,0,0,0,0,0,0,0,0,0,0,0,0,4.7,7.0,-2.4,0.75,105.0,2.5,4.4,1.8,83.5,80.6,86.4,19858.33333,29866.66667,18534.33333,7595.916667,-10008.33333,0,0,0,0,0.0,0.0,0.0,0.0,0,0,0,0,0,0,0,0,0.0,0.0,0.0,0.0,0.0,0.0,0.0,0.0,0.0,0.0,0.0,0.0,0.0,0.0,0.0,0.0,0.0,0.0,0.0,0.0,0.0,0.0,0.0,0.0,0.0,0.0,0.0,0.0,0.0,0.0,0.0,0.0,0.0,0.0,0.0,0.0,0.0,0.0,0.0,0.0,56,14,8,15,0
2024-08-01,0,1389844,0,0.0,0.0,0.0,0.0,0.0,8.824450632,0,0,0,0,0,0,0,0,1580,0.0,0,0,0,0,0,0,0,0,0,0,0,0,0,0,0,0,4.7,7.0,-2.4,0.75,105.0,2.5,4.4,1.8,83.5,80.6,86.4,19858.33333,29866.66667,18534.33333,7595.916667,-10008.33333,0,0,0,0,0.0,0.0,0.0,0.0,0,0,0,0,0,0,0,0,0.0,0.0,0.0,0.0,0.0,0.0,0.0,0.0,0.0,0.0,0.0,0.0,0.0,0.0,0.0,0.0,0.0,0.0,0.0,0.0,0.0,0.0,0.0,0.0,0.0,0.0,0.0,0.0,0.0,0.0,0.0,0.0,0.0,0.0,0.0,0.0,0.0,0.0,0.0,0.0,88,1,37,33,0
2024-09-01,0,1389844,0,0.0,0.0,0.0,0.0,0.0,9.962126987,0,0,0,0,0,0,0,0,1580,0.0,0,0,0,0,0,0,0,0,0,0,0,0,0,0,0,0,4.7,7.0,-2.4,0.75,105.0,2.5,4.4,1.8,83.5,80.6,86.4,19858.33333,29866.66667,18534.33333,7595.916667,-10008.33333,0,0,0,0,0.0,0.0,0.0,0.0,0,0,0,0,0,0,0,0,0.0,0.0,0.0,0.0,0.0,0.0,0.0,0.0,0.0,0.0,0.0,0.0,0.0,0.0,0.0,0.0,0.0,0.0,0.0,0.0,0.0,0.0,0.0,0.0,0.0,0.0,0.0,0.0,0.0,0.0,0.0,0.0,0.0,0.0,0.0,0.0,0.0,0.0,0.0,0.0,88,1,59,11,0
2024-10-01,0,1389844,0,0.0,0.0,0.0,0.0,0.0,9.988081068,0,0,0,0,0,0,0,0,1580,0.0,0,0,0,0,0,0,0,0,0,0,0,0,0,0,0,0,4.7,7.0,-2.4,0.75,105.0,2.5,4.4,1.8,83.5,80.6,86.4,19858.33333,29866.66667,18534.33333,7595.916667,-10008.33333,0,0,0,0,0.0,0.0,0.0,0.0,0,0,0,0,0,0,0,0,0.0,0.0,0.0,0.0,0.0,0.0,0.0,0.0,0.0,0.0,0.0,0.0,0.0,0.0,0.0,0.0,0.0,0.0,0.0,0.0,0.0,0.0,0.0,0.0,0.0,0.0,0.0,0.0,0.0,0.0,0.0,0.0,0.0,0.0,0.0,0.0,0.0,0.0,0.0,0.0,57,6,15,22,0
2024-11-01,0,1389844,0,0.0,0.0,0.0,0.0,0.0,9.628775063,0,0,0,0,0,0,0,0,1580,0.0,0,0,0,0,0,0,0,0,0,0,0,0,0,0,0,0,4.7,7.0,-2.4,0.75,105.0,2.5,4.4,1.8,83.5,80.6,86.4,19858.33333,29866.66667,18534.33333,7595.916667,-10008.33333,0,0,0,0,0.0,0.0,0.0,0.0,0,0,0,0,0,0,0,0,0.0,0.0,0.0,0.0,0.0,0.0,0.0,0.0,0.0,0.0,0.0,0.0,0.0,0.0,0.0,0.0,0.0,0.0,0.0,0.0,0.0,0.0,0.0,0.0,0.0,0.0,0.0,0.0,0.0,0.0,0.0,0.0,0.0,0.0,0.0,0.0,0.0,0.0,0.0,0.0,102,2,15,81,0
2024-12-01,0,1389844,0,0.0,0.0,0.0,0.0,0.0,10.95829669,0,0,0,0,0,0,0,0,1580,0.0,0,0,0,0,0,0,0,0,0,0,0,0,0,0,0,0,4.7,7.0,-2.4,0.75,105.0,2.5,4.4,1.8,83.5,80.6,86.4,19858.33333,29866.66667,18534.33333,7595.916667,-10008.33333,0,0,0,0,0.0,0.0,0.0,0.0,0,0,0,0,0,0,0,0,0.0,0.0,0.0,0.0,0.0,0.0,0.0,0.0,0.0,0.0,0.0,0.0,0.0,0.0,0.0,0.0,0.0,0.0,0.0,0.0,0.0,0.0,0.0,0.0,0.0,0.0,0.0,0.0,0.0,0.0,0.0,0.0,0.0,0.0,0.0,0.0,0.0,0.0,0.0,0.0,315,3,30,252,0
2025-01-01,0,1389844,0,0.0,0.0,0.0,0.0,0.0,7.856453868,0,0,0,0,0,0,0,0,1580,0.0,0,0,0,0,0,0,0,0,0,0,0,0,0,0,0,0,0.0,0.0,0.0,0.0,0.0,0.0,0.0,0.0,0.0,0.0,0.0,0.0,0.0,0.0,0.0,0.0,0,0,0,0,0.0,0.0,0.0,0.0,0,0,0,0,0,0,0,0,0.0,0.0,0.0,0.0,0.0,0.0,0.0,0.0,0.0,0.0,0.0,0.0,0.0,0.0,0.0,0.0,0.0,0.0,0.0,0.0,0.0,0.0,0.0,0.0,0.0,0.0,0.0,0.0,0.0,0.0,0.0,0.0,0.0,0.0,0.0,0.0,0.0,0.0,0.0,0.0,87,6,52,13,0
2025-02-01,0,1389844,0,0.0,0.0,0.0,0.0,0.0,8.226019563,0,0,0,0,0,0,0,0,1580,0.0,0,0,0,0,0,0,0,0,0,0,0,0,0,0,0,0,0.0,0.0,0.0,0.0,0.0,0.0,0.0,0.0,0.0,0.0,0.0,0.0,0.0,0.0,0.0,0.0,0,0,0,0,0.0,0.0,0.0,0.0,0,0,0,0,0,0,0,0,0.0,0.0,0.0,0.0,0.0,0.0,0.0,0.0,0.0,0.0,0.0,0.0,0.0,0.0,0.0,0.0,0.0,0.0,0.0,0.0,0.0,0.0,0.0,0.0,0.0,0.0,0.0,0.0,0.0,0.0,0.0,0.0,0.0,0.0,0.0,0.0,0.0,0.0,0.0,0.0,72,4,32,8,0
2025-03-01,0,1389844,0,0.0,0.0,0.0,0.0,0.0,10.31592565,0,0,0,0,0,0,0,0,1580,0.0,0,0,0,0,0,0,0,0,0,0,0,0,0,0,0,0,0.0,0.0,0.0,0.0,0.0,0.0,0.0,0.0,0.0,0.0,0.0,0.0,0.0,0.0,0.0,0.0,0,0,0,0,0.0,0.0,0.0,0.0,0,0,0,0,0,0,0,0,0.0,0.0,0.0,0.0,0.0,0.0,0.0,0.0,0.0,0.0,0.0,0.0,0.0,0.0,0.0,0.0,0.0,0.0,0.0,0.0,0.0,0.0,0.0,0.0,0.0,0.0,0.0,0.0,0.0,0.0,0.0,0.0,0.0,0.0,0.0,0.0,0.0,0.0,0.0,0.0,84,25,27,4,0
2025-04-01,0,1389844,0,0.0,0.0,0.0,0.0,0.0,10.19244238,0,0,0,0,0,0,0,0,1580,0.0,0,0,0,0,0,0,0,0,0,0,0,0,0,0,0,0,0.0,0.0,0.0,0.0,0.0,0.0,0.0,0.0,0.0,0.0,0.0,0.0,0.0,0.0,0.0,0.0,0,0,0,0,0.0,0.0,0.0,0.0,0,0,0,0,0,0,0,0,0.0,0.0,0.0,0.0,0.0,0.0,0.0,0.0,0.0,0.0,0.0,0.0,0.0,0.0,0.0,0.0,0.0,0.0,0.0,0.0,0.0,0.0,0.0,0.0,0.0,0.0,0.0,0.0,0.0,0.0,0.0,0.0,0.0,0.0,0.0,0.0,0.0,0.0,0.0,0.0,0,0,0,0,0
2025-05-01,0,1389844,0,0.0,0.0,0.0,0.0,0.0,9.103269096,0,0,0,0,0,0,0,0,1580,0.0,0,0,0,0,0,0,0,0,0,0,0,0,0,0,0,0,0.0,0.0,0.0,0.0,0.0,0.0,0.0,0.0,0.0,0.0,0.0,0.0,0.0,0.0,0.0,0.0,0,0,0,0,0.0,0.0,0.0,0.0,0,0,0,0,0,0,0,0,0.0,0.0,0.0,0.0,0.0,0.0,0.0,0.0,0.0,0.0,0.0,0.0,0.0,0.0,0.0,0.0,0.0,0.0,0.0,0.0,0.0,0.0,0.0,0.0,0.0,0.0,0.0,0.0,0.0,0.0,0.0,0.0,0.0,0.0,0.0,0.0,0.0,0.0,0.0,0.0,0,0,0,0,0
2025-06-01,0,1389844,0,0.0,0.0,0.0,0.0,0.0,9.401928815,0,0,0,0,0,0,0,0,1580,0.0,0,0,0,0,0,0,0,0,0,0,0,0,0,0,0,0,0.0,0.0,0.0,0.0,0.0,0.0,0.0,0.0,0.0,0.0,0.0,0.0,0.0,0.0,0.0,0.0,0,0,0,0,0.0,0.0,0.0,0.0,0,0,0,0,0,0,0,0,0.0,0.0,0.0,0.0,0.0,0.0,0.0,0.0,0.0,0.0,0.0,0.0,0.0,0.0,0.0,0.0,0.0,0.0,0.0,0.0,0.0,0.0,0.0,0.0,0.0,0.0,0.0,0.0,0.0,0.0,0.0,0.0,0.0,0.0,0.0,0.0,0.0,0.0,0.0,0.0,0,0,0,0,0
2025-07-01,0,1389844,0,0.0,0.0,0.0,0.0,0.0,9.716150286,0,0,0,0,0,0,0,0,1580,0.0,0,0,0,0,0,0,0,0,0,0,0,0,0,0,0,0,0.0,0.0,0.0,0.0,0.0,0.0,0.0,0.0,0.0,0.0,0.0,0.0,0.0,0.0,0.0,0.0,0,0,0,0,0.0,0.0,0.0,0.0,0,0,0,0,0,0,0,0,0.0,0.0,0.0,0.0,0.0,0.0,0.0,0.0,0.0,0.0,0.0,0.0,0.0,0.0,0.0,0.0,0.0,0.0,0.0,0.0,0.0,0.0,0.0,0.0,0.0,0.0,0.0,0.0,0.0,0.0,0.0,0.0,0.0,0.0,0.0,0.0,0.0,0.0,0.0,0.0,0,0,0,0,0
2025-08-01,0,1389844,0,0.0,0.0,0.0,0.0,0.0,8.824450632,0,0,0,0,0,0,0,0,1580,0.0,0,0,0,0,0,0,0,0,0,0,0,0,0,0,0,0,0.0,0.0,0.0,0.0,0.0,0.0,0.0,0.0,0.0,0.0,0.0,0.0,0.0,0.0,0.0,0.0,0,0,0,0,0.0,0.0,0.0,0.0,0,0,0,0,0,0,0,0,0.0,0.0,0.0,0.0,0.0,0.0,0.0,0.0,0.0,0.0,0.0,0.0,0.0,0.0,0.0,0.0,0.0,0.0,0.0,0.0,0.0,0.0,0.0,0.0,0.0,0.0,0.0,0.0,0.0,0.0,0.0,0.0,0.0,0.0,0.0,0.0,0.0,0.0,0.0,0.0,0,0,0,0,0
2025-09-01,0,1389844,0,0.0,0.0,0.0,0.0,0.0,9.962126987,0,0,0,0,0,0,0,0,1580,0.0,0,0,0,0,0,0,0,0,0,0,0,0,0,0,0,0,0.0,0.0,0.0,0.0,0.0,0.0,0.0,0.0,0.0,0.0,0.0,0.0,0.0,0.0,0.0,0.0,0,0,0,0,0.0,0.0,0.0,0.0,0,0,0,0,0,0,0,0,0.0,0.0,0.0,0.0,0.0,0.0,0.0,0.0,0.0,0.0,0.0,0.0,0.0,0.0,0.0,0.0,0.0,0.0,0.0,0.0,0.0,0.0,0.0,0.0,0.0,0.0,0.0,0.0,0.0,0.0,0.0,0.0,0.0,0.0,0.0,0.0,0.0,0.0,0.0,0.0,0,0,0,0,0
2025-10-01,0,1389844,0,0.0,0.0,0.0,0.0,0.0,9.988081068,0,0,0,0,0,0,0,0,1580,0.0,0,0,0,0,0,0,0,0,0,0,0,0,0,0,0,0,0.0,0.0,0.0,0.0,0.0,0.0,0.0,0.0,0.0,0.0,0.0,0.0,0.0,0.0,0.0,0.0,0,0,0,0,0.0,0.0,0.0,0.0,0,0,0,0,0,0,0,0,0.0,0.0,0.0,0.0,0.0,0.0,0.0,0.0,0.0,0.0,0.0,0.0,0.0,0.0,0.0,0.0,0.0,0.0,0.0,0.0,0.0,0.0,0.0,0.0,0.0,0.0,0.0,0.0,0.0,0.0,0.0,0.0,0.0,0.0,0.0,0.0,0.0,0.0,0.0,0.0,0,0,0,0,0
2025-11-01,0,1389844,0,0.0,0.0,0.0,0.0,0.0,9.628775063,0,0,0,0,0,0,0,0,1580,0.0,0,0,0,0,0,0,0,0,0,0,0,0,0,0,0,0,0.0,0.0,0.0,0.0,0.0,0.0,0.0,0.0,0.0,0.0,0.0,0.0,0.0,0.0,0.0,0.0,0,0,0,0,0.0,0.0,0.0,0.0,0,0,0,0,0,0,0,0,0.0,0.0,0.0,0.0,0.0,0.0,0.0,0.0,0.0,0.0,0.0,0.0,0.0,0.0,0.0,0.0,0.0,0.0,0.0,0.0,0.0,0.0,0.0,0.0,0.0,0.0,0.0,0.0,0.0,0.0,0.0,0.0,0.0,0.0,0.0,0.0,0.0,0.0,0.0,0.0,0,0,0,0,0
2025-12-01,0,1389844,0,0.0,0.0,0.0,0.0,0.0,10.95829669,0,0,0,0,0,0,0,0,1580,0.0,0,0,0,0,0,0,0,0,0,0,0,0,0,0,0,0,0.0,0.0,0.0,0.0,0.0,0.0,0.0,0.0,0.0,0.0,0.0,0.0,0.0,0.0,0.0,0.0,0,0,0,0,0.0,0.0,0.0,0.0,0,0,0,0,0,0,0,0,0.0,0.0,0.0,0.0,0.0,0.0,0.0,0.0,0.0,0.0,0.0,0.0,0.0,0.0,0.0,0.0,0.0,0.0,0.0,0.0,0.0,0.0,0.0,0.0,0.0,0.0,0.0,0.0,0.0,0.0,0.0,0.0,0.0,0.0,0.0,0.0,0.0,0.0,0.0,0.0,0,0,0,0,0
